timestamp,r,g,b,a_lab,b_lab,mouth_open,hr,rr,ibi_ms,sqi
1.3,140.94,107.8,108.8,141.1,128.6,0.002,,,,
1.55,135.25,102.89,103.74,141.1,129.5,0.001,,,,
1.62,128.45,97.79,96.69,140.6,130.4,0.002,,,,
1.7,128.37,98.07,96.19,141.4,129.4,0.001,,,,
1.77,128.42,98.01,96.26,141.2,129.6,0.001,,,,
1.84,128.1,98.49,95.78,140.0,130.7,0.001,,,,
1.92,127.57,97.87,95.84,140.7,130.4,0.001,,,,
2.0,127.61,97.97,95.81,141.3,129.9,0.002,,,,
2.06,126.83,96.92,94.88,141.1,130.6,0.002,,,,
2.14,126.72,96.72,94.76,141.4,130.1,0.002,,,,
2.22,127.03,96.91,94.27,141.3,130.8,0.001,,,,
2.28,126.56,96.39,94.58,140.9,131.0,0.002,,,,
2.36,126.48,96.73,94.91,141.1,131.0,0.002,,,,
2.44,126.28,97.2,94.57,140.7,131.2,0.001,,,,
2.52,126.88,97.22,94.48,140.6,130.7,0.002,,,,
2.58,126.9,97.2,94.55,141.2,129.8,0.002,,,,
2.66,126.57,97.23,94.64,141.0,131.2,0.002,,,,
2.72,126.38,97.65,94.58,141.1,130.6,0.002,,,,
2.8,126.21,97.41,94.49,140.6,131.1,0.002,,,,
2.88,127.03,97.72,94.58,140.4,130.8,0.002,,,,
2.94,128.16,98.78,96.0,140.8,130.9,0.002,,,,
3.02,129.81,100.15,98.83,141.5,130.7,0.002,,,,
3.09,130.99,101.53,99.3,141.1,131.2,0.002,,,,
3.16,132.32,103.07,100.8,142.1,130.1,0.002,,,,
3.23,134.8,104.44,102.76,141.4,130.1,0.001,,,,
3.31,136.46,106.06,104.25,141.2,131.2,0.001,,,,
3.39,138.28,108.07,105.99,140.9,129.9,0.001,,,,
3.47,137.89,108.38,105.88,141.2,130.2,0.001,,,,
3.53,140.11,110.25,107.58,141.4,130.7,0.001,,,,
3.61,142.52,111.79,109.74,140.8,130.9,0.002,,,,
3.69,142.24,111.43,109.9,141.1,130.9,0.016,,,,
3.77,142.18,111.19,109.37,141.3,130.5,0.023,,,,
3.84,141.72,111.06,109.72,141.4,130.4,0.043,,,,
3.92,141.19,109.03,108.75,140.3,130.3,0.028,,,,
4.0,131.78,102.45,102.03,141.8,132.2,0.024,,,,
4.06,155.82,125.68,124.52,143.0,131.9,0.007,,,,
4.14,145.72,114.37,113.74,143.5,131.9,0.002,,,,
4.22,138.48,104.44,106.52,142.6,130.9,0.001,,,,
4.3,137.15,104.05,106.13,142.0,130.3,0.001,,,,
4.38,138.9,105.62,108.82,142.1,130.6,0.001,,,,
4.45,139.85,110.31,112.42,142.2,130.5,0.011,,,,
4.53,142.39,115.53,114.17,142.0,131.2,0.019,,,,
4.61,143.5,119.49,116.18,141.4,131.1,0.026,,,,
4.69,142.44,120.38,116.52,139.7,132.3,0.022,,,,
4.77,144.57,124.07,119.34,139.9,133.2,0.029,,,,
4.84,144.41,124.2,119.54,139.0,133.5,0.033,,,,
4.91,145.83,126.29,121.39,138.8,132.9,0.02,,,,
4.98,146.23,126.74,121.51,138.5,133.3,0.032,,,,
5.06,145.85,126.18,120.95,138.8,132.3,0.032,,,,
5.14,144.86,123.77,118.69,139.0,132.5,0.023,,,,
5.22,144.36,121.58,117.15,139.1,133.5,0.017,,,,
5.28,144.14,120.18,115.52,140.3,132.4,0.002,,,,
5.36,144.55,119.62,115.84,140.8,132.7,0.001,,,,
5.44,145.25,120.79,116.16,141.6,132.3,0.001,,,,
5.52,146.13,120.89,117.08,141.6,132.5,0.001,,,,
5.59,146.46,120.56,116.51,141.6,132.6,0.001,,,,
5.67,146.2,119.57,115.8,142.3,131.8,0.001,,,,
5.75,144.84,118.94,114.79,141.9,132.2,0.002,,,,
5.81,145.29,118.95,115.54,141.6,132.8,0.001,,,,
5.89,145.91,118.5,115.03,142.3,132.1,0.002,,,,
5.97,145.1,117.34,114.55,142.5,132.0,0.001,,,,
6.05,145.19,116.73,113.76,142.1,132.4,0.001,,,,
6.12,144.63,116.15,113.2,142.2,131.5,0.001,,,,
6.2,145.14,116.0,114.08,143.2,131.3,0.001,,,,
6.28,144.17,114.97,112.87,143.2,131.4,0.0,,,,
6.34,145.53,116.18,112.91,142.0,131.4,0.001,,,,
6.42,146.07,116.61,113.8,143.6,130.2,0.0,,,,
6.5,145.11,114.94,112.77,143.4,131.1,0.001,,,,
6.58,146.39,116.58,113.85,143.3,130.8,0.001,,,,
6.66,145.67,115.62,113.75,142.8,130.7,0.001,,,,
6.73,145.87,116.01,113.85,142.5,130.9,0.001,,,,
6.8,145.71,115.65,113.14,142.6,131.2,0.001,,,,
6.88,146.22,115.8,113.36,142.3,131.4,0.001,,,,
6.95,145.23,114.91,112.49,142.8,131.2,0.001,,,,
7.03,145.62,115.29,112.31,143.1,130.8,0.001,,,,
7.11,145.09,114.89,111.91,143.0,130.7,0.0,,,,
7.19,145.86,115.66,112.49,141.9,131.9,0.0,,,,
7.25,145.75,115.72,113.24,142.6,130.6,0.0,,,,
7.33,145.72,115.55,113.04,142.4,130.8,0.0,,,,
7.41,146.42,116.3,113.6,141.4,131.4,0.0,,,,
7.48,145.46,115.73,112.32,142.4,130.8,0.0,,,,
7.56,146.02,115.91,112.99,142.0,131.0,0.0,,,,
7.62,145.44,115.24,112.35,141.9,131.4,0.0,,,,
7.7,145.98,115.85,112.79,142.3,130.6,0.0,,,,
7.78,144.71,114.63,112.25,141.8,130.9,0.0,,,,
7.86,145.89,115.43,113.24,141.9,131.3,0.001,,,,
7.94,145.03,114.71,111.53,142.0,130.3,0.001,,,,
8.02,145.31,115.08,112.29,141.9,130.5,0.0,,,,
8.08,145.47,115.32,112.68,141.4,130.9,0.0,,,,
8.16,145.73,115.6,112.55,141.1,130.7,0.001,,,,
8.23,145.62,115.55,112.47,141.3,130.6,0.001,,,,
8.31,145.98,115.81,113.04,141.4,130.7,0.0,,,,
8.39,145.56,115.39,112.54,140.8,131.6,0.0,,,,
8.47,145.69,115.59,112.6,141.5,130.6,0.001,,,,
8.53,145.52,115.57,112.73,141.4,131.2,0.001,,,,
8.61,145.71,115.17,112.52,141.4,131.2,0.001,,,,
8.69,145.23,115.63,112.57,141.2,130.8,0.001,,,,
8.77,145.43,115.41,112.15,141.8,130.4,0.001,,,,
8.84,145.25,115.74,112.64,141.0,131.1,0.001,,,,
8.92,144.84,115.69,111.98,140.3,131.4,0.001,,,,
9.0,145.22,115.68,112.53,141.2,131.1,0.0,,,,
9.08,144.99,115.44,112.46,141.2,130.9,0.0,,,,
9.16,145.04,115.17,112.26,141.6,130.1,0.001,,,,
9.22,145.12,115.03,112.3,140.9,131.3,0.0,,,,
9.3,144.9,114.97,112.31,141.2,130.9,0.001,,,,
9.38,145.46,115.12,112.34,140.6,131.3,0.0,,,,
9.45,145.34,115.94,112.33,142.3,130.1,0.001,,,,
9.53,145.49,115.95,112.32,141.4,131.1,0.0,,,,
9.61,145.0,115.57,112.18,141.0,131.2,0.0,,,,
9.67,145.2,115.49,112.45,141.7,130.1,0.0,,,,
9.75,145.09,115.76,112.2,140.8,130.9,0.0,67,,,1.0
9.84,145.58,115.57,112.92,141.5,130.3,0.0,67,,,1.0
9.91,145.15,115.34,112.66,141.0,131.1,0.0,67,,,1.0
9.98,144.84,114.71,112.18,140.6,131.4,0.0,67,,,1.0
10.06,145.07,115.11,112.77,141.7,130.3,0.001,67,,,1.0
10.14,145.32,115.39,112.52,141.9,130.9,0.0,67,,,1.0
10.22,145.33,115.59,112.24,141.2,130.6,0.0,67,,,1.0
10.3,146.0,115.53,113.55,141.1,130.8,0.001,68,,936|858|624|1014,1.0
10.36,146.45,116.14,113.39,141.6,130.8,0.001,68,,936|858|624|1014,1.0
10.44,145.79,115.83,112.75,142.3,130.4,0.001,68,,936|858|624|1014,1.0
10.52,145.38,115.6,112.51,140.9,131.0,0.0,68,,936|858|624|1014,1.0
10.59,145.66,116.0,113.03,141.0,130.5,0.0,68,,936|858|624|1014,1.0
10.67,145.52,115.99,112.45,141.1,131.3,0.0,68,,936|858|624|1014,1.0
10.73,145.52,115.79,112.21,141.7,130.5,0.001,68,,936|858|624|1014,1.0
10.81,145.17,115.19,112.15,140.7,131.3,0.0,68,,546|546|546,1.0
10.89,145.47,115.79,112.38,140.4,131.4,0.0,68,,546|546|546,1.0
10.97,145.08,115.11,112.22,141.5,130.5,0.0,68,,546|546|546,1.0
11.05,145.15,115.22,111.9,141.0,131.0,0.001,68,,546|546|546,1.0
11.12,145.27,115.37,112.76,141.3,130.6,0.001,68,,546|546|546,1.0
11.2,145.25,115.65,112.53,140.9,130.7,0.0,68,,546|546|546,1.0
11.28,145.67,115.7,112.77,141.0,130.9,0.001,68,,546|546|546,1.0
11.36,145.69,116.04,112.61,141.7,130.4,0.001,75,,936|858|546|546|546|780|702,1.0
11.42,145.84,116.18,113.03,141.5,130.4,0.001,75,,936|858|546|546|546|780|702,1.0
11.5,145.32,116.01,112.41,141.2,131.4,0.001,75,,936|858|546|546|546|780|702,1.0
11.58,145.32,115.82,112.27,141.6,130.7,0.001,75,,936|858|546|546|546|780|702,1.0
11.66,145.14,115.49,112.62,141.7,130.7,0.001,75,,936|858|546|546|546|780|702,1.0
11.73,145.29,115.67,112.1,142.2,130.3,0.001,75,,936|858|546|546|546|780|702,1.0
11.8,144.73,115.24,112.28,141.7,130.7,0.001,75,,936|858|546|546|546|780|702,1.0
11.88,146.36,115.8,113.71,139.8,130.9,0.001,75,,780|546|780|702|624,1.0
11.98,145.38,115.89,112.24,140.8,130.8,0.001,75,,780|546|780|702|624,1.0
12.06,145.53,115.71,112.78,140.7,131.0,0.001,75,,780|546|780|702|624,1.0
12.12,145.59,115.85,113.36,140.7,131.5,0.001,75,,780|546|780|702|624,1.0
12.2,145.46,116.2,112.35,141.1,131.9,0.0,75,,780|546|780|702|624,1.0
12.28,145.57,116.34,112.61,141.1,130.6,0.001,75,,780|546|780|702|624,1.0
12.36,145.6,116.14,112.69,142.0,130.2,0.0,75,,780|546|780|702|624,1.0
12.44,145.29,116.18,112.68,140.9,131.3,0.001,90,,468|780|702|702,1.0
12.52,145.33,115.36,112.35,141.1,131.1,0.001,90,,468|780|702|702,1.0
12.58,145.64,116.0,113.04,140.9,131.1,0.0,90,,468|780|702|702,1.0
12.66,145.88,116.32,112.29,140.6,130.9,0.001,90,,468|780|702|702,1.0
12.73,145.5,115.63,112.3,141.1,130.6,0.0,90,,468|780|702|702,1.0
12.81,144.87,115.59,112.09,141.1,131.7,0.0,90,,468|780|702|702,1.0
12.89,144.93,115.54,112.54,140.5,132.2,0.001,90,,468|780|702|702,1.0
12.97,145.55,116.09,112.69,140.5,131.3,0.001,90,,546|702|702|702,1.0
13.03,145.35,115.84,112.58,141.1,131.2,0.001,90,,546|702|702|702,1.0
13.11,145.86,116.57,113.29,141.5,130.4,0.001,90,,546|702|702|702,1.0
13.19,145.5,115.9,112.38,141.3,131.3,0.0,90,,546|702|702|702,1.0
13.27,145.2,115.9,112.44,141.2,130.9,0.001,90,,546|702|702|702,1.0
13.34,145.03,115.54,111.71,141.4,130.4,0.0,90,,546|702|702|702,1.0
13.41,145.11,115.59,112.38,141.2,131.7,0.0,90,,546|702|702|702,1.0
13.48,145.08,115.51,112.01,141.5,131.1,0.0,90,,702|702|702|780,1.0
13.56,145.13,115.58,112.3,140.6,132.1,0.0,90,,702|702|702|780,1.0
13.64,146.08,115.98,112.91,141.4,131.1,0.001,90,,702|702|702|780,1.0
13.72,146.44,116.54,112.94,141.3,131.4,0.0,90,,702|702|702|780,1.0
13.8,146.75,116.73,113.29,141.8,130.9,0.001,90,,702|702|702|780,1.0
13.86,145.61,116.32,112.58,140.7,131.2,0.0,90,,702|702|702|780,1.0
13.94,145.43,116.07,112.8,140.6,131.3,0.001,90,,702|702|702|780,1.0
14.02,145.68,115.55,112.29,140.6,131.2,0.001,67,,702|624|780|780,1.0
14.09,145.84,115.89,113.2,141.1,131.0,0.0,67,,702|624|780|780,1.0
14.17,145.82,116.22,112.61,140.5,131.5,0.001,67,,702|624|780|780,1.0
14.25,145.51,115.59,112.49,139.7,131.3,0.001,67,,702|624|780|780,1.0
14.31,145.5,116.11,112.52,141.1,131.4,0.0,67,,702|624|780|780,1.0
14.39,145.94,116.12,112.94,140.5,131.2,0.0,67,,702|624|780|780,1.0
14.47,146.25,116.51,112.28,141.0,130.8,0.001,67,,702|624|780|780,1.0
14.55,146.0,115.93,112.46,140.9,130.7,0.0,67,,702|1092|780,1.0
14.62,146.04,115.92,112.51,140.8,131.2,0.0,67,,702|1092|780,1.0
14.69,145.41,116.42,112.93,140.9,131.0,0.0,67,,702|1092|780,1.0
14.77,145.73,116.18,113.21,140.3,131.2,0.001,67,,702|1092|780,1.0
14.84,145.51,115.91,112.36,141.7,130.5,0.0,67,,702|1092|780,1.0
14.92,145.47,115.78,112.4,140.4,131.0,0.0,67,,702|1092|780,1.0
14.98,145.32,115.69,112.25,141.2,130.9,0.0,67,,702|1092|780,1.0
15.08,145.31,115.87,112.37,140.8,131.2,0.0,67,,702|780|624,1.0
15.14,145.09,115.86,112.06,140.3,131.3,0.0,67,,702|780|624,1.0
15.22,145.08,115.6,111.87,140.3,131.8,0.0,67,,702|780|624,1.0
15.3,145.37,116.07,112.74,140.9,131.1,0.0,67,,702|780|624,1.0
15.38,145.4,115.58,112.62,141.3,130.6,0.001,67,,702|780|624,1.0
15.45,145.7,116.03,112.31,141.3,130.9,0.0,67,,702|780|624,1.0
15.53,145.6,116.27,112.65,140.9,130.9,0.0,67,,702|780|624,1.0
15.61,145.8,115.96,112.58,140.6,131.2,0.0,67,,780|702|624,1.0
15.67,145.16,115.82,112.23,141.0,131.5,0.0,67,,780|702|624,1.0
15.75,145.67,115.87,112.65,141.0,130.5,0.0,67,,780|702|624,1.0
15.83,145.33,115.98,112.27,140.1,131.4,0.001,67,,780|702|624,1.0
15.91,144.89,115.03,111.88,140.6,131.1,0.001,67,,780|702|624,1.0
15.98,145.22,115.31,111.79,141.2,131.2,0.0,67,,780|702|624,1.0
16.06,145.87,115.57,112.74,141.3,131.9,0.0,67,,780|702|624,1.0
16.12,146.82,116.68,113.39,141.6,130.4,0.001,75,,780|624|390,1.0
16.2,146.17,116.15,113.1,141.9,130.7,0.0,75,,780|624|390,1.0
16.28,146.29,116.33,112.81,141.2,131.3,0.0,75,,780|624|390,1.0
16.36,145.58,115.99,112.64,141.0,131.2,0.0,75,,780|624|390,1.0
16.44,145.91,116.13,113.31,141.7,130.9,0.0,75,,780|624|390,1.0
16.52,145.17,115.57,112.31,141.6,130.3,0.0,75,,780|624|390,1.0
16.58,145.05,115.59,112.41,140.5,131.0,0.0,75,,780|624|390,1.0
16.66,145.05,115.18,112.34,141.9,130.1,0.0,75,,780|624|390|702|468,1.0
16.73,145.11,115.37,113.01,141.1,131.0,0.0,75,,780|624|390|702|468,1.0
16.81,145.23,115.63,112.51,140.8,130.8,0.0,75,,780|624|390|702|468,1.0
16.89,145.58,115.34,112.81,141.1,130.9,0.0,75,,780|624|390|702|468,1.0
16.95,145.22,115.48,112.59,141.1,131.0,0.0,75,,780|624|390|702|468,1.0
17.03,145.48,115.85,112.78,141.4,130.3,0.0,75,,780|624|390|702|468,1.0
17.11,145.52,115.93,112.76,140.8,130.2,0.0,75,,780|624|390|702|468,1.0
17.19,144.78,115.23,112.38,141.3,130.7,0.001,105,,624|390|702|468,1.0
17.27,146.0,115.65,113.45,141.7,130.7,0.0,105,,624|390|702|468,1.0
17.34,145.2,114.84,112.68,142.4,129.9,0.0,105,,624|390|702|468,1.0
17.42,145.65,115.13,113.03,142.0,130.7,0.0,105,,624|390|702|468,1.0
17.5,145.38,114.75,112.15,141.6,131.1,0.0,105,,624|390|702|468,1.0
17.56,145.3,114.69,112.1,142.1,131.3,0.0,105,,624|390|702|468,1.0
17.64,144.79,114.21,112.08,142.4,131.2,0.0,105,,624|390|702|468,1.0
17.72,145.32,114.65,112.82,142.4,130.6,0.0,105,,702|858|468,1.0
17.8,145.19,114.71,112.75,142.2,131.0,0.0,105,,702|858|468,1.0
17.86,145.08,114.68,112.6,141.5,131.8,0.0,105,,702|858|468,1.0
17.94,145.59,115.12,112.61,141.9,131.3,0.0,105,,702|858|468,1.0
18.02,144.76,114.52,112.06,142.3,131.3,0.0,105,,702|858|468,1.0
18.09,145.79,115.02,112.4,142.3,130.6,0.0,105,,702|858|468,1.0
18.17,145.23,114.87,112.14,141.9,131.2,0.0,105,,702|858|468,1.0
18.25,145.52,114.62,112.43,142.2,131.1,0.001,98,,858|468|702,1.0
18.31,145.24,114.35,112.18,141.6,131.1,0.0,98,,858|468|702,1.0
18.39,145.84,114.79,112.37,142.6,131.0,0.0,98,,858|468|702,1.0
18.47,146.17,115.04,112.42,142.3,131.2,0.0,98,,858|468|702,1.0
18.55,145.82,114.72,112.74,141.9,130.6,0.0,98,,858|468|702,1.0
18.62,145.65,115.14,112.39,141.6,131.4,0.0,98,,858|468|702,1.0
18.7,146.29,115.29,112.92,142.1,131.6,0.0,98,,858|468|702,1.0
18.77,145.67,115.19,112.61,142.3,131.5,0.0,90,,468|780|468|702|702,1.0
18.84,146.08,115.33,112.57,142.1,130.8,0.0,90,,468|780|468|702|702,1.0
18.92,145.59,115.28,112.63,142.2,131.3,0.0,90,,468|780|468|702|702,1.0
19.0,145.13,114.17,112.04,142.4,131.0,0.0,90,,468|780|468|702|702,1.0
19.08,145.2,114.73,112.24,142.2,131.4,0.0,90,,468|780|468|702|702,1.0
19.16,145.72,115.17,112.34,141.8,131.6,0.0,90,,468|780|468|702|702,1.0
19.22,145.55,114.96,112.84,141.6,131.8,0.0,90,,468|780|468|702|702,1.0
19.3,145.61,115.3,112.3,142.2,131.2,0.0,90,,468|780|468|702|702|546,1.0
19.38,145.45,115.17,112.64,142.0,131.6,0.0,90,,468|780|468|702|702|546,1.0
19.45,146.09,115.43,112.98,141.9,131.0,0.0,90,,468|780|468|702|702|546,1.0
19.53,145.61,115.21,112.82,141.9,131.2,0.001,90,,468|780|468|702|702|546,1.0
19.61,145.72,115.44,112.7,142.8,130.7,0.0,90,,468|780|468|702|702|546,1.0
19.69,146.05,115.95,113.26,142.4,130.9,0.0,90,,468|780|468|702|702|546,1.0
19.77,145.13,114.86,112.47,142.3,131.1,0.0,90,,468|780|468|702|702|546,1.0
19.83,145.98,115.79,112.77,142.8,130.7,0.001,90,,780|546|702|624|624|390,1.0
19.91,145.6,115.54,112.82,142.1,131.5,0.0,90,,780|546|702|624|624|390,1.0
19.98,146.11,115.52,112.97,141.4,131.3,0.0,90,,780|546|702|624|624|390,1.0
20.06,145.68,115.18,112.73,142.2,130.6,0.0,90,,780|546|702|624|624|390,1.0
20.14,146.14,115.86,113.1,142.7,130.4,0.0,90,,780|546|702|624|624|390,1.0
20.2,145.61,115.42,112.4,142.4,131.3,0.0,90,,780|546|702|624|624|390,1.0
20.28,145.55,115.31,112.54,142.4,130.4,0.0,90,,780|546|702|624|624|390,1.0
20.36,146.16,116.51,113.17,142.2,130.6,0.001,90,,702|624|624|390,1.0
20.44,146.36,116.86,113.68,142.3,131.3,0.0,90,,702|624|624|390,1.0
20.52,146.09,116.0,113.25,141.6,131.5,0.0,90,,702|624|624|390,1.0
20.59,145.97,116.54,113.0,141.7,130.8,0.0,90,,702|624|624|390,1.0
20.67,145.94,116.28,113.03,141.3,131.5,0.0,90,,702|624|624|390,1.0
20.73,145.61,115.97,112.9,141.2,131.2,0.0,90,,702|624|624|390,1.0
20.81,145.63,116.13,112.35,140.9,131.0,0.0,90,,702|624|624|390,1.0
20.89,145.44,116.14,112.33,141.8,130.5,0.0,75,,702|624|624|390,1.0
20.97,145.7,116.56,113.19,141.6,130.3,0.0,75,,702|624|624|390,1.0
21.05,145.86,116.55,113.0,141.4,130.9,0.001,75,,702|624|624|390,1.0
21.11,146.21,116.58,113.41,141.3,131.1,0.001,75,,702|624|624|390,1.0
21.19,145.62,116.53,113.01,141.2,130.6,0.0,75,,702|624|624|390,1.0
21.27,146.08,116.89,113.1,141.5,130.8,0.0,75,,702|624|624|390,1.0
21.34,145.73,116.86,112.73,141.1,131.0,0.0,75,,702|624|624|390,1.0
21.42,146.22,117.08,113.53,141.2,130.4,0.0,75,29.7,624|624|390|624,1.0
21.5,145.49,116.3,112.49,141.5,130.5,0.0,75,29.7,624|624|390|624,1.0
21.58,145.47,116.04,112.9,141.6,130.7,0.0,75,29.7,624|624|390|624,1.0
21.66,145.57,116.32,112.58,141.7,130.5,0.0,75,29.7,624|624|390|624,1.0
21.72,145.95,116.87,113.01,141.4,130.7,0.0,75,29.7,624|624|390|624,1.0
21.8,145.62,116.59,113.04,141.2,131.1,0.0,75,29.7,624|624|390|624,1.0
21.88,146.37,117.34,113.52,142.0,130.4,0.001,75,29.7,624|624|390|624,1.0
21.95,145.75,116.55,112.84,141.5,130.4,0.0,75,29.0,624|390|546|702,1.0
22.03,145.92,117.18,113.08,141.3,130.5,0.001,75,29.0,624|390|546|702,1.0
22.11,145.91,117.05,112.63,141.1,130.7,0.0,75,29.0,624|390|546|702,1.0
22.17,146.13,117.52,113.19,141.5,130.3,0.001,75,29.0,624|390|546|702,1.0
22.25,145.96,117.5,113.21,141.4,130.9,0.0,75,29.0,624|390|546|702,1.0
22.33,146.04,116.92,113.26,141.1,131.1,0.0,75,29.0,624|390|546|702,1.0
22.42,146.22,117.47,113.6,141.4,130.3,0.0,75,29.0,624|390|546|702,1.0
22.5,145.4,116.8,112.56,141.1,130.9,0.0,75,28.3,702|390|624|624|546|546,1.0
22.58,146.54,117.71,113.81,141.6,130.4,0.001,75,28.3,702|390|624|624|546|546,1.0
22.66,146.82,117.45,113.92,141.1,131.3,0.001,75,28.3,702|390|624|624|546|546,1.0
22.73,147.54,118.55,114.73,142.1,130.6,0.001,75,28.3,702|390|624|624|546|546,1.0
22.81,147.57,119.05,115.42,142.8,130.9,0.001,75,28.3,702|390|624|624|546|546,1.0
22.89,147.18,118.75,114.38,141.9,131.7,0.001,75,28.3,702|390|624|624|546|546,1.0
22.95,146.85,119.24,114.13,142.4,131.5,0.001,75,28.3,702|390|624|624|546|546,1.0
23.03,146.19,118.81,114.51,141.6,131.7,0.0,106,27.6,390|624|624|546|546,1.0
23.11,146.88,119.08,114.81,142.2,131.0,0.001,106,27.6,390|624|624|546|546,1.0
23.19,147.42,119.31,115.19,141.8,131.6,0.001,106,27.6,390|624|624|546|546,1.0
23.27,146.99,119.34,114.97,141.7,131.0,0.0,106,27.6,390|624|624|546|546,1.0
23.34,146.87,118.86,114.73,141.7,131.3,0.001,106,27.6,390|624|624|546|546,1.0
23.41,146.98,119.01,114.67,141.7,131.5,0.001,106,27.6,390|624|624|546|546,1.0
23.48,146.93,119.6,114.99,142.3,131.0,0.001,106,27.6,390|624|624|546|546,1.0
23.56,147.26,119.63,115.46,141.5,131.1,0.001,113,27.3,702|624|468|546|546,1.0
23.64,146.53,118.94,114.45,141.8,131.1,0.0,113,27.3,702|624|468|546|546,1.0
23.72,147.26,119.17,114.48,142.2,130.5,0.0,113,27.3,702|624|468|546|546,1.0
23.8,146.22,117.53,114.2,141.5,131.3,0.0,113,27.3,702|624|468|546|546,1.0
23.86,145.86,118.05,113.78,141.9,130.4,0.0,113,27.3,702|624|468|546|546,1.0
23.94,145.63,116.93,114.06,141.3,131.3,0.001,113,27.3,702|624|468|546|546,1.0
24.02,145.8,117.49,114.23,141.3,131.5,0.0,113,27.3,702|624|468|546|546,1.0
24.09,146.08,116.99,114.27,141.8,130.4,0.0,112,27.3,546|468|546|546,1.0
24.17,145.71,117.05,113.74,141.3,131.3,0.0,112,27.3,546|468|546|546,1.0
24.25,145.83,117.05,113.99,140.5,131.3,0.0,112,27.3,546|468|546|546,1.0
24.31,145.86,117.57,113.64,140.4,131.1,0.0,112,27.3,546|468|546|546,1.0
24.39,146.64,117.73,114.02,141.1,130.7,0.0,112,27.3,546|468|546|546,1.0
24.47,146.88,118.01,114.16,141.4,130.3,0.001,112,27.3,546|468|546|546,1.0
24.55,146.74,117.86,113.46,141.1,130.8,0.0,112,27.3,546|468|546|546,1.0
24.62,146.14,117.35,113.28,141.4,131.1,0.001,75,27.3,468|624|468|546|468,1.0
24.7,146.03,116.96,113.1,142.4,130.3,0.0,75,27.3,468|624|468|546|468,1.0
24.78,145.83,116.71,113.64,141.7,130.4,0.0,75,27.3,468|624|468|546|468,1.0
24.84,146.39,117.17,113.93,141.1,131.0,0.0,75,27.3,468|624|468|546|468,1.0
24.92,145.7,116.72,113.82,141.8,131.0,0.0,75,27.3,468|624|468|546|468,1.0
25.0,146.01,116.89,113.79,141.5,130.8,0.001,75,27.3,468|624|468|546|468,1.0
25.08,145.68,116.32,113.16,141.7,130.9,0.0,75,27.3,468|624|468|546|468,1.0
25.16,145.51,116.41,113.24,141.6,131.0,0.001,75,29.9,468|546|468,1.0
25.23,146.1,116.91,113.77,142.3,130.0,0.0,75,29.9,468|546|468,1.0
25.3,145.69,117.25,113.65,141.3,130.9,0.0,75,29.9,468|546|468,1.0
25.38,146.04,117.05,114.64,142.2,130.3,0.0,75,29.9,468|546|468,1.0
25.45,145.58,116.79,113.39,142.1,130.5,0.0,75,29.9,468|546|468,1.0
25.53,146.06,116.48,113.54,141.8,130.9,0.0,75,29.9,468|546|468,1.0
25.61,145.55,116.48,113.64,142.2,129.9,0.001,75,29.9,468|546|468,1.0
25.67,145.98,116.92,113.72,141.7,130.3,0.001,75,16.4,1014|1092|702,1.0
25.75,145.81,116.81,113.27,141.1,131.3,0.0,75,16.4,1014|1092|702,1.0
25.83,145.63,117.08,113.19,141.5,131.1,0.0,75,16.4,1014|1092|702,1.0
25.91,146.06,116.83,113.1,141.4,131.0,0.0,75,16.4,1014|1092|702,1.0
25.98,146.2,116.78,114.15,141.9,130.3,0.001,75,16.4,1014|1092|702,1.0
26.06,146.24,117.15,113.5,142.6,130.0,0.0,75,16.4,1014|1092|702,1.0
26.12,145.77,116.37,113.15,141.7,130.7,0.001,75,16.4,1014|1092|702,1.0
26.2,145.78,116.15,112.75,141.9,130.6,0.001,75,16.4,546|624|780,1.0
26.28,145.69,115.95,113.2,141.9,130.5,0.001,75,16.4,546|624|780,1.0
26.36,146.06,116.44,113.31,141.9,130.7,0.0,75,16.4,546|624|780,1.0
26.42,145.68,116.12,113.01,141.6,130.9,0.0,75,16.4,546|624|780,1.0
26.5,145.34,116.09,113.07,142.0,131.0,0.0,75,16.4,546|624|780,1.0
26.58,146.01,116.73,113.61,141.3,131.4,0.0,75,16.4,546|624|780,1.0
26.66,146.29,116.45,113.81,141.6,130.9,0.0,75,16.4,546|624|780,1.0
26.73,145.27,115.97,112.98,142.3,130.5,0.001,75,16.4,,1.0
26.81,145.24,116.0,113.03,141.8,130.4,0.001,75,16.4,,1.0
26.89,145.75,116.05,112.65,142.7,129.7,0.0,75,16.4,,1.0
26.95,145.82,116.05,113.56,142.6,130.2,0.0,75,16.4,,1.0
27.03,147.64,117.4,115.23,140.8,131.2,0.0,75,16.4,,1.0
27.11,144.84,117.44,114.81,140.3,131.5,0.002,75,16.4,,1.0
27.19,136.87,112.54,109.92,137.9,131.2,0.001,75,16.4,,1.0
27.27,130.01,108.6,106.23,136.9,131.2,0.0,82,10.9,1092|702|780|780,1.0
27.33,124.95,103.86,101.99,136.1,130.3,0.001,82,10.9,1092|702|780|780,1.0
27.41,121.74,101.98,101.25,136.4,129.8,0.002,82,10.9,1092|702|780|780,1.0
27.48,119.34,100.82,99.35,136.7,129.9,0.001,82,10.9,1092|702|780|780,1.0
27.56,118.35,99.67,97.96,135.8,130.0,0.012,82,10.9,1092|702|780|780,1.0
27.64,118.18,99.88,98.8,135.6,129.8,0.0,82,10.9,1092|702|780|780,1.0
27.72,119.09,100.48,98.45,136.0,129.8,0.001,82,10.9,1092|702|780|780,1.0
27.8,122.9,102.82,101.57,136.4,129.4,0.001,82,8.2,624|780|780,1.0
27.88,126.25,105.8,103.71,136.2,130.1,0.013,82,8.2,624|780|780,1.0
27.94,127.07,105.83,104.81,136.2,130.4,0.0,82,8.2,624|780|780,1.0
28.02,130.77,108.03,105.99,137.5,130.7,0.0,82,8.2,624|780|780,1.0
28.09,138.26,112.13,110.52,139.2,132.0,0.002,82,8.2,624|780|780,1.0
28.17,143.3,115.48,113.15,139.5,132.0,0.001,82,8.2,624|780|780,1.0
28.25,143.81,114.79,112.6,141.0,130.6,0.0,82,8.2,624|780|780,1.0
28.33,142.9,113.98,111.65,140.8,130.5,0.0,82,27.3,624|780|780|702|702,1.0
28.39,142.22,113.53,110.43,140.9,131.0,0.001,82,27.3,624|780|780|702|702,1.0
28.47,141.81,113.27,110.75,141.2,131.8,0.0,82,27.3,624|780|780|702|702,1.0
28.55,142.17,114.45,110.8,140.9,131.7,0.0,82,27.3,624|780|780|702|702,1.0
28.62,141.97,114.53,111.44,141.3,131.0,0.0,82,27.3,624|780|780|702|702,1.0
28.7,143.31,115.88,112.54,141.1,131.3,0.0,82,27.3,624|780|780|702|702,1.0
28.77,142.8,114.83,111.97,141.7,130.8,0.0,82,27.3,624|780|780|702|702,1.0
28.84,142.01,114.39,111.61,140.9,131.1,0.0,83,27.3,780|702|702,1.0
28.92,142.76,115.01,111.45,141.1,130.9,0.0,83,27.3,780|702|702,1.0
29.0,142.27,114.69,111.94,141.0,130.9,0.0,83,27.3,780|702|702,1.0
29.08,141.92,113.91,111.78,140.1,131.9,0.0,83,27.3,780|702|702,1.0
29.16,142.47,114.77,111.79,140.5,130.7,0.0,83,27.3,780|702|702,1.0
29.23,142.68,115.03,111.93,141.4,131.6,0.0,83,27.3,780|702|702,1.0
29.3,142.76,114.6,112.06,141.4,130.9,0.0,83,27.3,780|702|702,1.0
29.38,142.61,114.43,112.19,140.0,131.8,0.0,83,27.3,702|780|624|780,1.0
29.45,142.22,114.17,111.35,140.9,131.4,0.0,83,27.3,702|780|624|780,1.0
29.53,141.83,113.17,111.09,141.0,130.9,0.0,83,27.3,702|780|624|780,1.0
29.61,142.13,114.14,111.32,140.4,131.7,0.0,83,27.3,702|780|624|780,1.0
29.67,142.39,113.66,111.94,141.1,131.4,0.0,83,27.3,702|780|624|780,1.0
29.75,143.17,114.47,111.79,140.5,132.1,0.0,83,27.3,702|780|624|780,1.0
29.83,143.91,115.11,111.77,140.9,131.5,0.0,83,27.3,702|780|624|780,1.0
29.91,143.08,114.3,112.11,141.2,131.4,0.0,90,24.5,702|780|624|780,1.0
29.98,143.44,114.93,111.87,141.6,130.9,0.0,90,24.5,702|780|624|780,1.0
30.06,143.75,114.19,112.08,141.6,129.5,0.0,90,24.5,702|780|624|780,1.0
30.14,143.52,113.51,111.47,140.5,131.3,0.001,90,24.5,702|780|624|780,1.0
30.2,144.41,114.19,111.49,140.3,130.6,0.001,90,24.5,702|780|624|780,1.0
30.28,143.62,113.66,111.45,140.8,131.1,0.001,90,24.5,702|780|624|780,1.0
30.36,144.78,114.48,112.22,141.9,130.3,0.0,90,24.5,702|780|624|780,1.0
30.44,143.62,112.92,111.79,140.9,130.8,0.0,90,24.5,624|780|390,1.0
30.5,144.15,113.65,111.11,140.8,130.7,0.001,90,24.5,624|780|390,1.0
30.58,143.66,113.34,111.63,140.7,131.2,0.001,90,24.5,624|780|390,1.0
30.66,144.23,113.8,111.39,141.0,130.1,0.0,90,24.5,624|780|390,1.0
30.73,143.93,114.16,112.08,141.0,130.4,0.0,90,24.5,624|780|390,1.0
30.81,143.48,114.11,111.52,140.5,131.0,0.0,90,24.5,624|780|390,1.0
30.89,144.15,114.24,112.14,140.4,130.7,0.0,90,24.5,624|780|390,1.0
30.97,143.9,114.06,111.72,140.0,130.8,0.0,90,24.5,702|702|936,1.0
31.03,142.93,113.09,111.18,140.0,131.1,0.0,90,24.5,702|702|936,1.0
31.11,144.31,113.95,112.18,140.3,130.4,0.0,90,24.5,702|702|936,1.0
31.19,143.85,113.66,111.75,140.2,131.4,0.0,90,24.5,702|702|936,1.0
31.27,143.95,114.02,111.52,140.3,131.0,0.0,90,24.5,702|702|936,1.0
31.34,143.33,113.51,111.63,139.9,130.3,0.001,90,24.5,702|702|936,1.0
31.41,144.18,114.08,112.09,140.7,130.2,0.0,90,24.5,702|702|936,1.0
31.48,143.01,113.65,111.29,140.3,130.3,0.0,90,24.5,702|936|780,1.0
31.56,143.76,113.77,111.49,140.2,131.0,0.0,90,24.5,702|936|780,1.0
31.64,143.86,113.34,111.4,140.8,130.3,0.0,90,24.5,702|936|780,1.0
31.72,144.23,113.91,111.77,140.5,129.8,0.0,90,24.5,702|936|780,1.0
31.78,144.23,113.29,112.36,140.2,130.2,0.0,90,24.5,702|936|780,1.0
31.86,144.06,113.73,111.43,140.4,131.1,0.0,90,24.5,702|936|780,1.0
31.94,144.24,113.14,111.39,140.2,130.2,0.0,90,24.5,702|936|780,1.0
32.02,144.19,113.33,111.62,140.3,130.9,0.0,90,24.5,468|858|780,1.0
32.09,144.04,113.04,111.45,139.7,131.1,0.001,90,24.5,468|858|780,1.0
32.17,144.18,113.68,111.85,139.9,130.4,0.0,90,24.5,468|858|780,1.0
32.23,144.96,114.16,112.37,139.8,130.9,0.001,90,24.5,468|858|780,1.0
32.31,145.32,114.2,112.73,140.1,129.8,0.0,90,24.5,468|858|780,1.0
32.39,145.33,114.02,112.36,139.5,130.5,0.0,90,24.5,468|858|780,1.0
32.47,145.25,113.84,112.0,139.6,130.7,0.0,90,24.5,468|858|780,1.0
32.55,144.88,113.52,112.6,140.3,131.0,0.0,90,24.5,468|858|780|546|780,1.0
32.62,144.73,113.41,112.02,140.0,131.0,0.0,90,24.5,468|858|780|546|780,1.0
32.69,145.35,113.61,112.47,140.0,131.3,0.001,90,24.5,468|858|780|546|780,1.0
32.77,145.06,114.05,112.49,139.9,130.5,0.0,90,24.5,468|858|780|546|780,1.0
32.84,145.42,113.86,112.52,139.7,130.8,0.001,90,24.5,468|858|780|546|780,1.0
32.92,145.31,113.81,112.39,140.1,130.8,0.0,90,24.5,468|858|780|546|780,1.0
33.0,144.74,113.2,112.18,140.5,130.6,0.0,90,24.5,468|858|780|546|780,1.0
33.08,145.06,113.49,111.96,138.9,131.4,0.0,82,24.5,936|702|546|858,1.0
33.17,145.29,113.68,112.68,140.5,130.8,0.0,82,24.5,936|702|546|858,1.0
33.23,145.15,113.51,112.43,139.8,131.1,0.0,82,24.5,936|702|546|858,1.0
33.31,145.57,113.35,112.69,141.0,129.8,0.0,82,24.5,936|702|546|858,1.0
33.39,145.09,113.21,112.16,141.5,129.8,0.001,82,24.5,936|702|546|858,1.0
33.47,144.85,112.68,112.2,140.6,130.8,0.0,82,24.5,936|702|546|858,1.0
33.55,145.17,113.3,112.48,141.0,129.8,0.0,82,24.5,936|702|546|858,1.0
33.61,144.84,113.17,112.18,140.7,129.9,0.001,82,24.5,702|546|858|702,1.0
33.69,145.11,113.06,112.65,140.9,130.6,0.001,82,24.5,702|546|858|702,1.0
33.77,145.22,112.95,112.46,140.7,130.6,0.0,82,24.5,702|546|858|702,1.0
33.84,144.67,113.37,112.18,140.9,130.1,0.0,82,24.5,702|546|858|702,1.0
33.92,145.24,113.48,112.43,140.1,130.8,0.0,82,24.5,702|546|858|702,1.0
34.0,144.76,113.19,112.26,140.6,130.6,0.0,82,24.5,702|546|858|702,1.0
34.06,145.45,113.76,112.97,140.2,131.2,0.0,82,24.5,702|546|858|702,1.0
34.14,144.91,112.51,112.44,140.7,130.0,0.0,83,24.5,624|546|780|702|624,1.0
34.22,144.97,113.1,111.82,140.4,130.5,0.0,83,24.5,624|546|780|702|624,1.0
34.3,144.75,112.99,112.27,141.0,130.2,0.0,83,24.5,624|546|780|702|624,1.0
34.38,144.94,113.04,112.32,140.4,130.4,0.0,83,24.5,624|546|780|702|624,1.0
34.44,144.21,112.84,112.22,140.8,130.0,0.0,83,24.5,624|546|780|702|624,1.0
34.52,144.94,113.25,112.06,141.1,129.6,0.0,83,24.5,624|546|780|702|624,1.0
34.59,144.87,113.11,112.37,141.2,130.1,0.0,83,24.5,624|546|780|702|624,1.0
34.67,145.11,113.67,112.72,140.9,130.2,0.0,75,24.5,546|858|624|624,1.0
34.75,144.54,113.07,112.46,140.4,130.6,0.0,75,24.5,546|858|624|624,1.0
34.83,144.02,112.73,111.9,141.8,129.1,0.0,75,24.5,546|858|624|624,1.0
34.91,144.05,111.82,111.45,141.4,130.4,0.0,75,24.5,546|858|624|624,1.0
34.97,144.78,113.07,111.72,141.3,130.3,0.0,75,24.5,546|858|624|624,1.0
35.06,143.8,112.1,111.17,141.5,130.4,0.001,75,24.5,546|858|624|624,1.0
35.14,144.07,112.5,111.33,140.8,130.5,0.001,75,24.5,546|858|624|624,1.0
35.22,144.24,112.83,112.09,140.9,130.1,0.0,75,21.8,858|624|702|858,1.0
35.3,143.58,112.48,111.0,140.5,130.6,0.0,75,21.8,858|624|702|858,1.0
35.36,143.91,112.74,111.52,140.7,131.2,0.0,75,21.8,858|624|702|858,1.0
35.44,144.69,113.44,111.92,140.7,131.8,0.0,75,21.8,858|624|702|858,1.0
35.52,143.65,112.68,111.5,140.9,130.6,0.0,75,21.8,858|624|702|858,1.0
35.59,143.49,112.19,110.89,141.0,130.8,0.0,75,21.8,858|624|702|858,1.0
35.66,144.17,112.54,111.76,141.9,129.6,0.0,75,21.8,858|624|702|858,1.0
35.73,144.3,113.21,111.97,142.0,129.7,0.0,75,21.8,858|624|702|858,1.0
35.81,144.34,113.17,112.13,142.4,130.0,0.001,75,21.8,858|624|702|858,1.0
35.89,143.9,113.08,111.6,141.3,130.2,0.001,75,21.8,858|624|702|858,1.0
35.97,144.01,112.99,111.42,141.3,130.0,0.001,75,21.8,858|624|702|858,1.0
36.05,144.58,113.92,112.13,140.7,130.8,0.001,75,21.8,858|624|702|858,1.0
36.12,144.08,113.64,111.87,141.0,129.7,0.0,75,21.8,858|624|702|858,1.0
36.2,144.0,113.33,111.68,141.1,130.3,0.001,75,21.8,858|624|702|858,1.0
36.28,144.24,113.62,111.53,141.0,130.4,0.001,75,21.8,702|624|858|858|624,1.0
36.34,144.05,113.09,111.51,141.2,130.0,0.0,75,21.8,702|624|858|858|624,1.0
36.42,144.74,113.57,112.22,140.7,130.0,0.001,75,21.8,702|624|858|858|624,1.0
36.5,144.49,113.65,111.66,141.6,129.4,0.0,75,21.8,702|624|858|858|624,1.0
36.58,143.72,113.36,111.51,140.1,130.8,0.001,75,21.8,702|624|858|858|624,1.0
36.66,144.64,113.68,111.31,140.5,130.4,0.0,75,21.8,702|624|858|858|624,1.0
36.73,144.16,113.33,111.93,140.4,130.4,0.0,75,21.8,702|624|858|858|624,1.0
36.8,144.44,113.52,111.55,140.9,130.7,0.0,75,21.8,936|546|858|702,1.0
36.88,144.31,113.71,111.7,140.3,130.6,0.0,75,21.8,936|546|858|702,1.0
36.95,144.39,113.69,111.93,141.3,129.8,0.0,75,21.8,936|546|858|702,1.0
37.03,144.11,113.95,111.68,140.7,130.8,0.0,75,21.8,936|546|858|702,1.0
37.11,144.14,113.61,111.78,140.0,131.3,0.001,75,21.8,936|546|858|702,1.0
37.17,144.37,113.89,111.54,141.1,130.0,0.0,75,21.8,936|546|858|702,1.0
37.25,144.78,113.1,112.23,140.7,130.0,0.001,75,21.8,936|546|858|702,1.0
37.33,144.48,113.29,111.72,141.3,130.2,0.001,75,21.8,,1.0
37.41,144.29,113.23,111.99,141.6,130.4,0.001,75,21.8,,1.0
37.48,144.09,113.12,111.73,141.5,129.6,0.0,75,21.8,,1.0
37.56,144.74,114.0,111.94,139.9,131.2,0.0,75,21.8,,1.0
37.62,144.5,113.76,111.82,140.9,130.5,0.001,75,21.8,,1.0
37.7,145.26,114.76,112.73,140.6,130.4,0.0,75,21.8,,1.0
37.78,144.27,113.76,112.05,140.7,130.7,0.0,75,21.8,,1.0
37.86,145.04,113.92,112.42,141.5,129.8,0.001,75,21.8,1092|780|780,1.0
37.94,145.13,113.94,112.73,141.1,130.1,0.0,75,21.8,1092|780|780,1.0
38.0,144.91,113.57,112.05,141.0,131.0,0.0,75,21.8,1092|780|780,1.0
38.08,145.03,113.48,112.43,141.2,129.9,0.001,75,21.8,1092|780|780,1.0
38.16,144.9,113.38,112.12,141.1,130.5,0.001,75,21.8,1092|780|780,1.0
38.23,144.63,113.46,111.82,141.4,129.7,0.001,75,21.8,1092|780|780,1.0
38.31,145.0,113.95,111.94,141.3,130.7,0.0,75,21.8,1092|780|780,1.0
38.39,144.74,113.81,111.85,140.7,131.9,0.0,75,21.8,1092|780|780,1.0
38.47,145.21,114.22,112.22,141.1,130.2,0.0,75,21.8,1092|780|780,1.0
38.53,144.78,113.53,112.26,141.4,130.4,0.001,75,21.8,1092|780|780,1.0
38.61,144.88,113.6,112.08,141.4,130.5,0.0,75,21.8,1092|780|780,1.0
38.69,144.8,113.55,111.85,141.2,130.7,0.001,75,21.8,1092|780|780,1.0
38.77,145.49,113.83,112.34,140.7,131.2,0.0,75,21.8,1092|780|780,1.0
38.84,145.34,114.01,112.48,140.7,131.4,0.001,75,21.8,1092|780|780,1.0
38.91,145.1,114.0,111.99,141.7,130.6,0.0,75,21.8,780|780|780,1.0
38.98,145.52,114.27,113.08,140.3,130.3,0.001,75,21.8,780|780|780,1.0
39.06,145.25,114.16,112.4,141.8,130.5,0.0,75,21.8,780|780|780,1.0
39.14,145.12,114.47,111.66,140.8,130.5,0.001,75,21.8,780|780|780,1.0
39.22,145.15,114.27,112.54,141.5,129.6,0.001,75,21.8,780|780|780,1.0
39.3,144.76,113.91,112.07,141.2,130.5,0.001,75,21.8,780|780|780,1.0
39.38,144.95,113.59,111.91,141.5,129.6,0.001,75,21.8,780|780|780,1.0
39.44,144.94,113.58,112.04,141.3,129.9,0.001,75,21.8,780|780|702|936,1.0
39.52,144.78,113.73,111.9,140.5,131.4,0.0,75,21.8,780|780|702|936,1.0
39.59,144.3,113.19,111.45,141.5,130.7,0.001,75,21.8,780|780|702|936,1.0
39.67,145.18,114.25,112.38,141.3,130.1,0.001,75,21.8,780|780|702|936,1.0
39.75,144.79,114.33,111.61,140.7,130.7,0.001,75,21.8,780|780|702|936,1.0
39.83,144.88,114.01,112.01,141.0,130.6,0.001,75,21.8,780|780|702|936,1.0
39.89,144.94,113.96,111.58,141.6,130.3,0.001,75,21.8,780|780|702|936,1.0
39.97,145.12,114.41,112.62,140.8,131.0,0.001,75,21.8,780|780|780|858|702,1.0
40.05,144.7,114.06,112.04,141.0,130.8,0.001,75,21.8,780|780|780|858|702,1.0
40.12,144.39,113.73,111.78,141.3,130.4,0.001,75,21.8,780|780|780|858|702,1.0
40.2,145.12,114.03,111.98,140.4,131.3,0.0,75,21.8,780|780|780|858|702,1.0
40.28,145.01,114.2,112.28,141.2,130.5,0.001,75,21.8,780|780|780|858|702,1.0
40.34,144.66,113.64,111.52,141.4,130.1,0.001,75,21.8,780|780|780|858|702,1.0
40.42,145.04,113.64,112.04,140.8,130.5,0.001,75,21.8,780|780|780|858|702,1.0
40.5,144.4,113.48,112.21,141.2,131.0,0.001,75,21.8,780|780|858|780,1.0
40.58,144.91,114.16,112.31,141.2,130.0,0.001,75,21.8,780|780|858|780,1.0
40.66,144.97,114.53,112.12,140.3,131.1,0.001,75,21.8,780|780|858|780,1.0
40.73,145.09,114.27,112.27,141.2,130.8,0.001,75,21.8,780|780|858|780,1.0
40.8,145.29,114.43,112.32,140.8,131.3,0.001,75,21.8,780|780|858|780,1.0
40.88,145.41,114.2,112.67,140.5,131.1,0.0,75,21.8,780|780|858|780,1.0
40.95,145.15,114.25,112.26,140.6,131.0,0.001,75,21.8,780|780|858|780,1.0
41.03,145.17,113.94,112.5,141.4,130.3,0.001,75,21.8,780|858|780,1.0
41.11,144.46,112.96,112.04,140.6,130.7,0.0,75,21.8,780|858|780,1.0
41.19,144.83,113.0,111.93,141.0,130.5,0.0,75,21.8,780|858|780,1.0
41.25,144.86,113.41,111.94,140.5,130.7,0.0,75,21.8,780|858|780,1.0
41.33,144.82,113.32,111.81,140.9,130.4,0.0,75,21.8,780|858|780,1.0
41.41,145.05,113.56,112.04,140.9,130.4,0.001,75,21.8,780|858|780,1.0
41.48,144.87,113.44,111.76,140.8,130.2,0.001,75,21.8,780|858|780,1.0
41.56,144.95,114.05,112.32,141.4,130.3,0.001,83,24.5,,1.0
41.64,145.9,114.05,112.96,141.0,130.5,0.0,83,24.5,,1.0
41.72,145.59,114.08,112.39,141.7,129.6,0.0,83,24.5,,1.0
41.78,144.8,113.37,111.88,141.7,129.8,0.001,83,24.5,,1.0
41.86,144.84,113.22,111.93,141.4,130.2,0.0,83,24.5,,1.0
41.94,144.59,112.68,111.88,141.4,130.5,0.001,83,24.5,,1.0
42.02,144.41,112.31,111.71,142.0,130.1,0.001,83,24.5,,1.0
42.08,144.63,113.01,111.46,141.8,129.6,0.001,83,24.5,936|780|624|624,1.0
42.16,144.35,112.83,111.63,141.2,131.0,0.0,83,24.5,936|780|624|624,1.0
42.23,144.52,113.42,112.02,140.8,130.2,0.0,83,24.5,936|780|624|624,1.0
42.31,144.08,113.11,111.41,141.5,130.8,0.001,83,24.5,936|780|624|624,1.0
42.39,144.68,113.52,111.69,141.1,130.8,0.001,83,24.5,936|780|624|624,1.0
42.47,144.34,112.96,111.89,141.6,130.2,0.001,83,24.5,936|780|624|624,1.0
42.55,144.72,113.15,112.38,141.1,130.5,0.001,83,24.5,936|780|624|624,1.0
42.62,144.72,113.01,111.65,141.4,130.4,0.001,83,24.5,780|624|858|858,1.0
42.69,144.54,113.19,112.01,141.3,130.7,0.001,83,24.5,780|624|858|858,1.0
42.77,145.0,113.03,112.35,141.8,129.9,0.001,83,24.5,780|624|858|858,1.0
42.84,145.05,113.37,111.99,141.6,130.1,0.001,83,24.5,780|624|858|858,1.0
42.92,145.19,113.6,112.26,141.7,130.0,0.001,83,24.5,780|624|858|858,1.0
43.0,144.87,113.34,112.2,141.3,130.6,0.0,83,24.5,780|624|858|858,1.0
43.06,145.2,113.04,111.85,140.1,130.7,0.0,83,24.5,780|624|858|858,1.0
43.14,144.05,112.29,111.72,138.5,131.3,0.001,82,24.5,780|624|858|858|702,1.0
43.22,143.91,112.53,111.15,139.0,130.9,0.0,82,24.5,780|624|858|858|702,1.0
43.3,144.43,112.97,111.98,138.7,130.6,0.0,82,24.5,780|624|858|858|702,1.0
43.38,144.4,113.04,111.9,138.7,130.8,0.0,82,24.5,780|624|858|858|702,1.0
43.45,144.24,112.47,111.56,138.3,130.9,0.0,82,24.5,780|624|858|858|702,1.0
43.53,143.94,112.59,111.64,138.6,131.2,0.0,82,24.5,780|624|858|858|702,1.0
43.61,144.23,112.51,111.44,139.0,131.0,0.0,82,24.5,780|624|858|858|702,1.0
43.67,144.54,112.21,111.19,139.0,131.0,0.0,75,24.5,702|780|936|624,1.0
43.75,143.57,111.82,111.17,139.5,130.7,0.0,75,24.5,702|780|936|624,1.0
43.83,143.88,112.2,110.84,139.3,130.3,0.001,75,24.5,702|780|936|624,1.0
43.91,143.18,111.55,110.39,139.5,131.0,0.001,75,24.5,702|780|936|624,1.0
43.98,143.75,112.21,111.26,139.9,129.6,0.0,75,24.5,702|780|936|624,1.0
44.06,144.11,112.94,111.39,139.2,130.9,0.0,75,24.5,702|780|936|624,1.0
44.12,144.16,113.05,111.27,140.7,131.0,0.0,75,24.5,702|780|936|624,1.0
44.2,143.96,112.71,111.74,140.7,130.9,0.001,75,24.5,702|780|936|624|858,1.0
44.28,145.59,113.86,112.57,141.5,129.8,0.001,75,24.5,702|780|936|624|858,1.0
44.36,143.69,112.48,111.29,141.6,129.9,0.001,75,24.5,702|780|936|624|858,1.0
44.44,143.64,112.68,110.83,141.0,130.9,0.001,75,24.5,702|780|936|624|858,1.0
44.53,143.13,112.12,109.9,141.2,130.7,0.001,75,24.5,702|780|936|624|858,1.0
44.61,143.82,112.54,111.27,141.5,130.5,0.001,75,24.5,702|780|936|624|858,1.0
44.69,143.81,112.88,110.82,141.3,130.8,0.001,75,24.5,702|780|936|624|858,1.0
44.77,143.98,112.88,111.27,141.3,130.6,0.001,75,24.5,936|702|780,1.0
44.84,144.65,113.19,111.61,141.2,130.8,0.001,75,24.5,936|702|780,1.0
44.91,144.9,114.03,111.73,141.1,130.8,0.001,75,24.5,936|702|780,1.0
44.98,144.71,114.0,111.78,140.5,130.2,0.001,75,24.5,936|702|780,1.0
45.06,144.48,113.76,111.5,141.3,130.3,0.002,75,24.5,936|702|780,1.0
45.14,146.45,115.15,113.07,141.2,130.4,0.001,75,24.5,936|702|780,1.0
45.22,144.93,113.92,111.78,141.0,129.8,0.001,75,24.5,936|702|780,1.0
45.3,146.07,114.25,112.35,141.5,130.7,0.019,75,13.6,858|702|780|624,1.0
45.38,145.95,114.42,112.79,141.3,130.7,0.033,75,13.6,858|702|780|624,1.0
45.44,145.36,114.7,111.69,140.9,130.1,0.042,75,13.6,858|702|780|624,1.0
45.52,145.8,114.37,112.19,141.6,130.8,0.036,75,13.6,858|702|780|624,1.0
45.59,146.68,114.96,113.4,140.9,129.4,0.017,75,13.6,858|702|780|624,1.0
45.67,145.53,114.5,112.51,140.9,129.5,0.0,75,13.6,858|702|780|624,1.0
45.75,145.48,115.09,112.05,141.5,130.6,0.001,75,13.6,858|702|780|624,1.0
45.83,145.83,114.75,112.24,141.1,130.2,0.018,75,13.6,702|858|546|546,1.0
45.91,145.87,114.78,112.14,140.5,130.4,0.044,75,13.6,702|858|546|546,1.0
45.97,145.82,114.42,112.48,141.0,130.2,0.043,75,13.6,702|858|546|546,1.0
46.05,145.7,114.12,112.78,140.7,130.4,0.031,75,13.6,702|858|546|546,1.0
46.12,145.98,114.64,112.63,140.6,131.1,0.026,75,13.6,702|858|546|546,1.0
46.2,145.44,114.13,112.07,141.1,130.5,0.019,75,13.6,702|858|546|546,1.0
46.28,145.39,114.55,111.99,140.9,131.0,0.021,75,13.6,702|858|546|546,1.0
46.36,145.4,114.93,112.15,141.3,130.5,0.017,75,13.6,624|858|546|624|546,1.0
46.44,145.57,115.69,112.01,141.4,130.9,0.024,75,13.6,624|858|546|624|546,1.0
46.52,146.12,116.35,112.35,140.4,131.8,0.032,75,13.6,624|858|546|624|546,1.0
46.59,145.68,115.47,112.62,141.4,130.9,0.03,75,13.6,624|858|546|624|546,1.0
46.66,145.83,115.16,112.06,141.3,130.9,0.041,75,13.6,624|858|546|624|546,1.0
46.73,146.19,115.62,112.47,141.4,131.5,0.056,75,13.6,624|858|546|624|546,1.0
46.81,146.36,115.29,113.05,141.5,131.2,0.058,75,13.6,624|858|546|624|546,1.0
46.89,145.97,115.4,112.34,141.9,131.1,0.057,67,13.6,780|624|546|624|546,1.0
46.97,146.18,115.85,113.31,141.3,131.6,0.072,67,13.6,780|624|546|624|546,1.0
47.05,146.37,116.09,112.74,142.3,130.0,0.082,67,13.6,780|624|546|624|546,1.0
47.11,146.62,116.31,113.01,142.0,131.1,0.102,67,13.6,780|624|546|624|546,1.0
47.19,147.71,117.51,113.97,142.7,130.5,0.109,67,13.6,780|624|546|624|546,1.0
47.27,147.17,117.29,113.09,141.6,131.9,0.132,67,13.6,780|624|546|624|546,1.0
47.34,147.01,117.46,113.19,142.6,131.2,0.14,67,13.6,780|624|546|624|546,1.0
47.42,146.49,116.75,113.26,142.8,131.9,0.153,105,13.6,546|546|624|546|468|546,1.0
47.48,146.01,116.73,112.71,143.8,131.3,0.163,105,13.6,546|546|624|546|468|546,1.0
47.56,144.74,115.94,111.91,142.8,132.2,0.158,105,13.6,546|546|624|546|468|546,1.0
47.64,144.6,115.2,111.58,143.1,132.1,0.153,105,13.6,546|546|624|546|468|546,1.0
47.72,145.62,116.45,112.55,143.3,132.0,0.134,105,13.6,546|546|624|546|468|546,1.0
47.8,145.39,116.71,112.7,144.1,130.9,0.106,105,13.6,546|546|624|546|468|546,1.0
47.88,147.01,118.66,114.22,144.6,131.0,0.047,105,13.6,546|546|624|546|468|546,1.0
47.95,147.26,118.51,114.67,145.0,131.3,0.015,105,16.4,546|546|624|546|546|468,1.0
48.02,147.18,117.78,114.7,144.6,131.0,0.0,105,16.4,546|546|624|546|546|468,1.0
48.09,147.47,118.2,114.55,142.9,131.1,0.001,105,16.4,546|546|624|546|546|468,1.0
48.17,147.0,118.04,114.6,141.8,131.2,0.001,105,16.4,546|546|624|546|546|468,1.0
48.25,146.69,117.56,114.59,142.4,129.9,0.001,105,16.4,546|546|624|546|546|468,1.0
48.33,146.39,116.66,113.9,141.9,130.6,0.001,105,16.4,546|546|624|546|546|468,1.0
48.39,145.89,116.31,113.72,141.6,129.8,0.0,105,16.4,546|546|624|546|546|468,1.0
48.47,146.27,116.33,114.03,141.4,130.9,0.0,82,16.4,390|624|546|468|468,1.0
48.55,146.32,116.5,114.1,140.8,132.0,0.001,82,16.4,390|624|546|468|468,1.0
48.62,146.83,116.57,114.53,141.7,130.8,0.001,82,16.4,390|624|546|468|468,1.0
48.7,145.89,116.23,113.61,141.5,130.8,0.008,82,16.4,390|624|546|468|468,1.0
48.78,145.77,115.92,113.54,141.7,130.4,0.0,82,16.4,390|624|546|468|468,1.0
48.86,144.63,114.27,112.52,140.5,131.5,0.002,82,16.4,390|624|546|468|468,1.0
48.92,144.71,114.04,112.39,140.6,131.4,0.01,82,16.4,390|624|546|468|468,1.0
49.0,144.85,114.55,112.22,140.7,130.5,0.019,82,16.4,546|468|546,1.0
49.08,144.1,113.87,112.25,141.0,131.3,0.032,82,16.4,546|468|546,1.0
49.16,144.45,113.96,112.34,141.2,130.7,0.033,82,16.4,546|468|546,1.0
49.23,144.02,113.4,111.58,142.0,130.2,0.04,82,16.4,546|468|546,1.0
49.3,144.82,114.24,112.38,142.4,130.2,0.037,82,16.4,546|468|546,1.0
49.38,144.09,113.74,111.3,143.2,130.2,0.021,82,16.4,546|468|546,1.0
49.45,144.74,113.8,112.08,142.9,130.5,0.002,82,16.4,546|468|546,1.0
49.53,143.99,113.17,111.11,143.0,130.9,0.001,82,19.1,468|546|780|780,1.0
49.61,144.43,113.5,111.5,142.7,130.4,0.014,82,19.1,468|546|780|780,1.0
49.67,143.64,112.76,110.35,142.2,131.0,0.014,82,19.1,468|546|780|780,1.0
49.75,144.51,113.5,111.32,142.4,130.0,0.009,82,19.1,468|546|780|780,1.0
49.83,143.84,113.01,111.8,141.9,131.1,0.002,82,19.1,468|546|780|780,1.0
49.91,143.9,113.06,111.25,142.0,130.1,0.002,82,19.1,468|546|780|780,1.0
49.98,143.93,112.69,111.33,141.5,129.9,0.003,82,19.1,468|546|780|780,1.0
50.05,144.28,112.92,111.73,141.7,130.3,0.002,82,19.1,780|468|858|780,1.0
50.12,144.0,112.42,111.06,141.2,130.3,0.0,82,19.1,780|468|858|780,1.0
50.2,144.22,113.08,111.93,140.9,130.7,0.0,82,19.1,780|468|858|780,1.0
50.28,143.98,112.73,111.26,140.5,130.3,0.0,82,19.1,780|468|858|780,1.0
50.36,143.69,112.34,111.1,139.8,130.6,0.001,82,19.1,780|468|858|780,1.0
50.42,143.51,112.45,110.56,140.0,130.8,0.001,82,19.1,780|468|858|780,1.0
50.5,144.14,112.38,111.47,138.6,130.3,0.0,82,19.1,780|468|858|780,1.0
50.58,144.35,113.11,111.56,138.9,130.4,0.001,83,21.8,546|780|780,1.0
50.66,143.9,112.49,111.28,139.7,130.0,0.0,83,21.8,546|780|780,1.0
50.73,143.72,113.22,110.9,139.2,130.6,0.001,83,21.8,546|780|780,1.0
50.81,143.22,112.37,111.07,139.9,130.1,0.0,83,21.8,546|780|780,1.0
50.89,143.23,111.84,110.92,139.8,130.5,0.001,83,21.8,546|780|780,1.0
50.98,143.63,112.68,111.09,140.4,129.7,0.0,83,21.8,546|780|780,1.0
51.06,143.88,112.43,111.16,139.6,130.8,0.0,83,21.8,546|780|780,1.0
51.14,143.59,112.69,111.04,140.5,130.5,0.0,82,21.8,780|780|702,1.0
51.22,143.8,112.63,111.12,140.5,130.0,0.0,82,21.8,780|780|702,1.0
51.3,144.06,112.89,111.24,140.8,131.1,0.001,82,21.8,780|780|702,1.0
51.36,143.86,112.61,110.95,140.4,130.2,0.0,82,21.8,780|780|702,1.0
51.44,143.71,112.47,111.03,140.9,130.0,0.0,82,21.8,780|780|702,1.0
51.52,143.54,112.5,110.73,140.8,129.7,0.0,82,21.8,780|780|702,1.0
51.59,143.72,112.3,110.93,140.2,130.3,0.0,82,21.8,780|780|702,1.0
51.67,143.99,112.62,110.97,139.6,130.5,0.001,82,21.7,780|780|702,1.0
51.75,143.89,112.63,110.91,140.3,129.6,0.0,82,21.7,780|780|702,1.0
51.81,144.46,112.99,111.63,139.9,130.4,0.0,82,21.7,780|780|702,1.0
51.89,144.92,113.36,112.21,139.1,130.3,0.0,82,21.7,780|780|702,1.0
51.97,144.34,113.06,111.67,138.8,130.4,0.001,82,21.7,780|780|702,1.0
52.05,145.3,113.59,112.48,139.5,129.8,0.0,82,21.7,780|780|702,1.0
52.12,145.07,113.95,112.17,139.2,131.1,0.0,82,21.7,780|780|702,1.0
52.2,145.13,113.63,112.26,138.9,130.5,0.0,82,21.7,780|858|624|858,1.0
52.27,145.14,113.23,112.25,138.7,130.8,0.0,82,21.7,780|858|624|858,1.0
52.34,144.88,113.11,111.93,140.2,130.4,0.0,82,21.7,780|858|624|858,1.0
52.42,145.31,113.33,112.09,140.0,130.4,0.0,82,21.7,780|858|624|858,1.0
52.5,145.72,113.64,112.35,139.8,130.0,0.0,82,21.7,780|858|624|858,1.0
52.58,145.25,113.34,112.03,139.9,130.4,0.0,82,21.7,780|858|624|858,1.0
52.64,145.66,113.7,112.95,139.6,130.9,0.0,82,21.7,780|858|624|858,1.0
52.72,146.18,114.19,113.57,139.5,131.7,0.0,204,21.8,858|624|858|858,1.0
52.8,145.58,113.63,112.54,140.2,130.0,0.0,204,21.8,858|624|858|858,1.0
52.88,145.96,113.84,112.97,139.7,130.4,0.001,204,21.8,858|624|858|858,1.0
52.95,145.91,114.26,113.39,140.3,130.3,0.0,204,21.8,858|624|858|858,1.0
53.03,146.35,114.39,113.56,139.2,130.3,0.0,204,21.8,858|624|858|858,1.0
53.11,146.11,114.09,113.52,139.6,130.6,0.001,204,21.8,858|624|858|858,1.0
53.17,145.97,114.42,113.42,140.4,130.2,0.001,204,21.8,858|624|858|858,1.0
53.25,145.3,113.34,112.43,140.1,130.9,0.001,204,21.8,624|858|858|858,1.0
53.33,145.2,113.6,112.62,140.6,129.9,0.0,204,21.8,624|858|858|858,1.0
53.41,144.93,113.81,112.33,140.5,131.2,0.001,204,21.8,624|858|858|858,1.0
53.47,145.35,113.36,112.54,140.6,130.6,0.001,204,21.8,624|858|858|858,1.0
53.55,145.69,113.47,112.26,139.9,130.7,0.001,204,21.8,624|858|858|858,1.0
53.62,145.61,113.64,111.92,140.1,130.4,0.0,204,21.8,624|858|858|858,1.0
53.7,145.82,113.77,112.89,140.6,130.0,0.001,204,21.8,624|858|858|858,1.0
53.78,146.35,113.7,112.85,140.6,130.2,0.001,211,24.5,624|858|858|858,1.0
53.86,147.0,113.71,113.3,140.7,130.1,0.001,211,24.5,624|858|858|858,1.0
53.94,146.7,113.0,113.1,140.9,129.9,0.001,211,24.5,624|858|858|858,1.0
54.02,147.68,112.97,113.97,140.1,130.7,0.001,211,24.5,624|858|858|858,1.0
54.09,147.7,113.25,113.81,140.8,129.8,0.001,211,24.5,624|858|858|858,1.0
54.17,147.86,113.01,113.42,139.3,130.3,0.0,211,24.5,624|858|858|858,1.0
54.25,147.82,113.05,113.69,140.0,130.0,0.0,211,24.5,624|858|858|858,1.0
54.33,147.99,113.21,113.83,139.7,130.4,0.001,127,24.5,,1.0
54.39,147.33,113.01,113.83,139.9,130.1,0.0,127,24.5,,1.0
54.47,147.92,113.03,113.61,139.5,129.6,0.001,127,24.5,,1.0
54.55,147.93,113.38,113.68,139.2,130.3,0.001,127,24.5,,1.0
54.62,147.82,113.35,113.66,139.7,130.6,0.0,127,24.5,,1.0
54.7,147.74,113.24,113.84,139.6,131.0,0.0,127,24.5,,1.0
54.77,147.83,112.93,113.24,139.3,130.7,0.0,127,24.5,,1.0
54.84,147.46,112.56,113.77,139.6,130.4,0.001,128,24.5,,1.0
54.92,147.25,112.19,112.95,140.0,130.6,0.0,128,24.5,,1.0
55.0,147.55,112.67,113.53,140.1,130.6,0.0,128,24.5,,1.0
55.08,147.31,112.72,113.15,139.8,130.1,0.0,128,24.5,,1.0
55.16,148.08,113.22,113.46,140.0,130.1,0.0,128,24.5,,1.0
55.22,147.42,112.52,113.23,140.8,129.3,0.0,128,24.5,,1.0
55.3,147.18,112.7,113.07,140.3,129.9,0.001,128,24.5,,1.0
55.38,147.87,113.19,113.33,139.6,130.6,0.0,136,24.5,468|390|390,1.0
55.45,147.65,113.17,113.61,140.4,130.5,0.0,136,24.5,468|390|390,1.0
55.53,147.25,113.09,113.06,140.2,130.0,0.0,136,24.5,468|390|390,1.0
55.61,147.25,112.47,113.04,139.9,130.5,0.001,136,24.5,468|390|390,1.0
55.67,147.15,112.36,113.16,140.2,129.6,0.0,136,24.5,468|390|390,1.0
55.75,147.1,111.97,112.87,140.9,129.9,0.0,136,24.5,468|390|390,1.0
55.83,147.13,112.25,112.83,140.5,129.9,0.0,136,24.5,468|390|390,1.0
55.91,147.63,112.94,113.4,140.0,130.9,0.001,75,21.8,468|390|390|390|468,1.0
55.98,147.21,112.4,112.74,140.0,130.0,0.001,75,21.8,468|390|390|390|468,1.0
56.06,147.44,112.86,112.8,140.0,130.7,0.001,75,21.8,468|390|390|390|468,1.0
56.14,147.2,112.88,113.36,140.3,129.8,0.001,75,21.8,468|390|390|390|468,1.0
56.22,147.03,113.26,113.29,140.4,130.6,0.001,75,21.8,468|390|390|390|468,1.0
56.28,146.94,113.11,112.69,140.0,129.8,0.001,75,21.8,468|390|390|390|468,1.0
56.36,147.03,112.86,112.76,140.5,129.6,0.001,75,21.8,468|390|390|390|468,1.0
56.44,146.64,112.55,112.47,140.1,130.3,0.0,75,21.7,390|390|546,1.0
56.52,146.58,112.46,112.49,141.1,128.9,0.001,75,21.7,390|390|546,1.0
56.59,146.78,112.59,112.78,139.9,130.2,0.001,75,21.7,390|390|546,1.0
56.67,147.19,112.64,112.72,140.9,129.6,0.002,75,21.7,390|390|546,1.0
56.73,147.38,113.12,112.8,140.3,130.2,0.044,75,21.7,390|390|546,1.0
56.81,147.05,112.4,113.16,139.8,130.3,0.054,75,21.7,390|390|546,1.0
56.89,146.94,112.34,112.71,140.2,129.6,0.057,75,21.7,390|390|546,1.0
56.97,147.27,112.95,112.83,140.3,129.4,0.061,75,21.7,858|780|936,1.0
57.05,147.43,112.83,112.8,140.7,130.5,0.057,75,21.7,858|780|936,1.0
57.12,147.26,113.01,113.07,140.9,129.6,0.042,75,21.7,858|780|936,1.0
57.19,146.82,112.98,112.78,140.7,130.4,0.037,75,21.7,858|780|936,1.0
57.27,147.48,113.83,112.98,140.1,129.5,0.012,75,21.7,858|780|936,1.0
57.34,146.96,113.01,113.15,140.0,130.4,0.004,75,21.7,858|780|936,1.0
57.42,147.32,113.15,113.02,139.8,130.3,0.048,75,21.7,858|780|936,1.0
57.5,147.13,113.15,112.95,140.1,130.8,0.04,75,21.8,,1.0
57.58,147.14,113.08,113.0,140.1,130.5,0.028,75,21.8,,1.0
57.64,147.52,113.37,113.0,140.3,129.8,0.045,75,21.8,,1.0
57.72,147.72,113.42,113.58,140.1,130.0,0.035,75,21.8,,1.0
57.8,147.77,113.42,113.31,139.5,130.9,0.024,75,21.8,,1.0
57.88,147.17,113.35,112.87,139.8,130.3,0.002,75,21.8,,1.0
57.94,147.41,114.02,113.5,139.6,130.9,0.015,75,21.8,,1.0
58.02,147.53,113.2,113.51,140.1,130.4,0.016,67,21.8,780|858|858,1.0
58.09,146.99,113.65,112.96,139.4,130.7,0.03,67,21.8,780|858|858,1.0
58.17,147.43,113.79,113.29,140.1,130.1,0.002,67,21.8,780|858|858,1.0
58.25,147.84,114.26,113.69,140.2,129.6,0.001,67,21.8,780|858|858,1.0
58.33,148.05,114.35,113.46,139.4,130.2,0.0,67,21.8,780|858|858,1.0
58.41,147.76,114.24,113.85,139.4,130.4,0.0,67,21.8,780|858|858,1.0
58.48,147.54,113.96,113.5,138.2,130.8,0.001,67,21.8,780|858|858,1.0
58.55,147.67,114.6,114.08,138.3,131.3,0.0,67,21.8,780|858|858,1.0
58.62,147.61,114.4,113.65,138.3,131.0,0.0,67,21.8,780|858|858,1.0
58.7,147.36,113.57,113.36,138.4,130.8,0.0,67,21.8,780|858|858,1.0
58.78,147.15,113.91,113.47,137.8,131.6,0.0,67,21.8,780|858|858,1.0
58.86,147.18,114.1,113.65,138.2,130.9,0.0,67,21.8,780|858|858,1.0
58.94,148.15,114.81,114.34,138.6,130.5,0.001,67,21.8,780|858|858,1.0
59.02,148.05,114.61,114.15,138.9,130.4,0.0,67,21.8,780|858|858,1.0
59.08,147.98,114.79,113.78,140.1,129.9,0.001,68,21.8,780|858|858|1092,1.0
59.16,148.59,114.81,114.41,140.7,130.6,0.003,68,21.8,780|858|858|1092,1.0
59.23,148.48,114.83,114.33,140.8,130.4,0.003,68,21.8,780|858|858|1092,1.0
59.31,148.17,114.87,113.52,140.3,130.9,0.003,68,21.8,780|858|858|1092,1.0
59.39,148.34,114.79,114.35,141.0,130.1,0.008,68,21.8,780|858|858|1092,1.0
59.45,148.56,115.33,114.2,140.0,130.2,0.008,68,21.8,780|858|858|1092,1.0
59.53,148.0,114.91,113.83,140.8,129.6,0.005,68,21.8,780|858|858|1092,1.0
59.61,148.03,114.88,114.17,140.5,129.8,0.005,68,21.8,858|858|1092,1.0
59.69,148.15,114.98,114.57,140.5,129.7,0.007,68,21.8,858|858|1092,1.0
59.77,147.83,115.14,114.2,140.2,130.1,0.003,68,21.8,858|858|1092,1.0
59.84,148.17,114.98,114.09,139.5,130.2,0.001,68,21.8,858|858|1092,1.0
59.91,147.47,114.71,113.78,139.2,130.0,0.002,68,21.8,858|858|1092,1.0
59.98,147.78,114.48,114.13,139.9,130.2,0.001,68,21.8,858|858|1092,1.0
60.06,147.92,114.59,113.4,139.8,130.5,0.001,68,21.8,858|858|1092,1.0
60.14,147.37,114.56,113.51,140.0,130.4,0.001,68,21.8,936|858|1092|546,1.0
60.23,147.27,114.49,113.4,140.7,129.9,0.0,68,21.8,936|858|1092|546,1.0
60.31,148.17,115.23,114.37,140.4,129.8,0.0,68,21.8,936|858|1092|546,1.0
60.38,147.34,114.93,113.88,139.7,130.7,0.0,68,21.8,936|858|1092|546,1.0
60.45,147.24,114.88,113.64,140.1,130.4,0.001,68,21.8,936|858|1092|546,1.0
60.53,147.21,115.41,113.56,139.8,130.7,0.0,68,21.8,936|858|1092|546,1.0
60.61,147.39,115.6,113.11,140.2,130.0,0.0,68,21.8,936|858|1092|546,1.0
60.69,146.49,114.81,112.83,140.0,131.0,0.0,60,21.7,858|1092|858,1.0
60.77,147.15,115.33,113.21,141.2,129.9,0.001,60,21.7,858|1092|858,1.0
60.83,146.78,115.13,113.2,140.1,130.5,0.0,60,21.7,858|1092|858,1.0
60.91,146.62,115.53,112.44,140.8,130.8,0.001,60,21.7,858|1092|858,1.0
60.98,146.81,115.06,113.08,140.4,131.3,0.001,60,21.7,858|1092|858,1.0
61.06,145.81,114.82,112.99,140.6,131.2,0.0,60,21.7,858|1092|858,1.0
61.14,146.18,115.53,112.72,141.1,130.4,0.001,60,21.7,858|1092|858,1.0
61.22,146.77,115.93,113.07,140.2,130.7,0.001,60,10.9,1092|858|1014,1.0
61.28,146.68,115.93,113.45,140.5,131.3,0.001,60,10.9,1092|858|1014,1.0
61.36,146.93,115.91,113.36,140.1,131.2,0.001,60,10.9,1092|858|1014,1.0
61.44,146.61,115.33,113.45,140.8,130.2,0.002,60,10.9,1092|858|1014,1.0
61.52,146.37,115.14,113.15,140.0,131.1,0.001,60,10.9,1092|858|1014,1.0
61.59,146.29,115.68,112.58,140.6,130.5,0.001,60,10.9,1092|858|1014,1.0
61.67,146.52,115.94,112.43,140.1,131.5,0.001,60,10.9,1092|858|1014,1.0
61.75,145.84,114.96,112.09,140.3,131.2,0.001,60,10.9,1014|858|1014,1.0
61.83,145.79,114.78,112.59,140.6,130.5,0.001,60,10.9,1014|858|1014,1.0
61.89,144.73,114.34,112.1,141.0,130.5,0.003,60,10.9,1014|858|1014,1.0
61.97,145.65,114.67,112.26,141.7,130.1,0.002,60,10.9,1014|858|1014,1.0
62.05,145.21,114.03,112.15,140.9,131.3,0.001,60,10.9,1014|858|1014,1.0
62.12,145.1,113.69,111.99,141.4,130.1,0.002,60,10.9,1014|858|1014,1.0
62.22,145.53,113.62,112.13,140.7,131.0,0.0,60,10.9,1014|858|1014,1.0
62.3,145.38,113.99,112.2,140.8,130.3,0.001,52,10.9,780|1014|1326,1.0
62.38,145.13,113.69,111.91,140.8,130.5,0.001,52,10.9,780|1014|1326,1.0
62.45,145.26,113.81,111.49,141.0,130.7,0.001,52,10.9,780|1014|1326,1.0
62.52,145.28,114.32,112.05,141.3,130.3,0.002,52,10.9,780|1014|1326,1.0
62.59,145.05,113.28,111.55,141.3,130.1,0.001,52,10.9,780|1014|1326,1.0
62.67,145.11,112.85,111.94,141.1,130.3,0.001,52,10.9,780|1014|1326,1.0
62.75,145.5,113.44,111.76,141.0,130.3,0.001,52,10.9,780|1014|1326,1.0
62.83,145.64,113.68,111.99,141.1,130.5,0.0,52,10.9,858|1014|780|1014,1.0
62.91,145.45,113.15,111.66,141.2,130.4,0.0,52,10.9,858|1014|780|1014,1.0
62.97,145.38,112.93,111.68,140.7,130.8,0.0,52,10.9,858|1014|780|1014,1.0
63.05,145.69,113.41,111.72,141.2,130.4,0.001,52,10.9,858|1014|780|1014,1.0
63.12,145.59,113.78,111.57,140.8,130.7,0.001,52,10.9,858|1014|780|1014,1.0
63.2,145.78,113.47,111.68,140.8,130.1,0.001,52,10.9,858|1014|780|1014,1.0
63.28,145.34,113.2,111.48,140.3,130.1,0.0,52,10.9,858|1014|780|1014,1.0
63.36,145.25,113.15,111.91,140.0,129.8,0.0,52,10.9,,1.0
63.44,144.7,112.69,110.98,138.8,130.2,0.0,52,10.9,,1.0
63.5,144.56,112.74,111.1,139.7,129.9,0.0,52,10.9,,1.0
63.58,145.77,113.13,111.52,138.4,130.7,0.0,52,10.9,,1.0
63.66,145.49,113.24,111.91,138.9,130.8,0.0,52,10.9,,1.0
63.73,145.71,113.73,112.11,138.5,131.2,0.0,52,10.9,,1.0
63.81,145.61,113.81,112.38,139.1,130.8,0.0,52,10.9,,1.0
63.89,145.55,113.52,111.99,138.6,130.9,0.0,157,10.9,1014|468|780|1092,1.0
63.95,145.63,113.68,111.82,138.4,130.8,0.0,157,10.9,1014|468|780|1092,1.0
64.03,145.75,113.37,112.03,139.7,129.9,0.0,157,10.9,1014|468|780|1092,1.0
64.11,146.25,113.44,112.09,139.7,129.7,0.0,157,10.9,1014|468|780|1092,1.0
64.19,145.6,113.43,111.86,139.1,130.2,0.0,157,10.9,1014|468|780|1092,1.0
64.27,145.42,112.95,111.78,139.7,130.0,0.0,157,10.9,1014|468|780|1092,1.0
64.34,145.25,112.76,111.71,140.1,130.5,0.0,157,10.9,1014|468|780|1092,1.0
64.41,145.02,112.44,111.1,140.8,130.2,0.002,105,10.9,468|780|702,1.0
64.48,145.84,113.34,112.25,140.9,130.1,0.001,105,10.9,468|780|702,1.0
64.56,145.84,113.11,112.36,140.8,131.1,0.001,105,10.9,468|780|702,1.0
64.64,145.81,113.79,111.85,140.6,130.8,0.0,105,10.9,468|780|702,1.0
64.72,146.1,113.69,111.99,141.3,129.7,0.002,105,10.9,468|780|702,1.0
64.8,146.12,113.6,112.14,140.6,131.2,0.001,105,10.9,468|780|702,1.0
64.86,145.46,113.1,111.51,141.2,130.0,0.002,105,10.9,468|780|702,1.0
64.94,145.38,112.84,111.86,141.6,130.2,0.002,97,10.9,702|468|624|546,1.0
65.02,145.56,112.98,111.32,141.7,129.7,0.002,97,10.9,702|468|624|546,1.0
65.09,145.71,112.93,112.39,141.4,130.2,0.001,97,10.9,702|468|624|546,1.0
65.16,145.67,112.91,111.66,141.3,130.3,0.002,97,10.9,702|468|624|546,1.0
65.23,145.74,113.07,112.13,141.5,130.7,0.001,97,10.9,702|468|624|546,1.0
65.31,145.53,112.96,111.92,141.1,130.4,0.001,97,10.9,702|468|624|546,1.0
65.39,145.47,112.99,111.87,141.6,130.1,0.002,97,10.9,702|468|624|546,1.0
65.47,146.02,113.32,112.06,141.3,130.4,0.001,97,10.9,702|468|624|546,1.0
65.55,145.94,113.56,111.68,140.8,130.5,0.002,97,10.9,702|468|624|546,1.0
65.62,145.92,113.52,112.32,141.4,130.5,0.001,97,10.9,702|468|624|546,1.0
65.69,146.08,113.32,112.15,141.6,130.4,0.002,97,10.9,702|468|624|546,1.0
65.77,145.69,113.56,111.94,141.9,129.6,0.002,97,10.9,702|468|624|546,1.0
65.84,145.26,113.13,111.3,141.9,130.5,0.002,97,10.9,702|468|624|546,1.0
65.92,145.31,112.87,111.17,141.6,130.8,0.001,97,10.9,702|468|624|546,1.0
66.0,145.45,112.55,111.45,141.6,130.5,0.004,90,10.9,390|702|546,1.0
66.08,145.19,112.45,111.04,141.5,130.8,0.051,90,10.9,390|702|546,1.0
66.16,145.8,112.9,111.15,141.5,130.1,0.057,90,10.9,390|702|546,1.0
66.22,145.75,113.26,112.21,142.0,130.3,0.044,90,10.9,390|702|546,1.0
66.3,146.08,113.75,111.96,141.2,130.9,0.047,90,10.9,390|702|546,1.0
66.38,146.08,113.95,112.05,141.4,130.1,0.029,90,10.9,390|702|546,1.0
66.45,145.33,113.46,111.32,140.7,131.2,0.03,90,10.9,390|702|546,1.0
66.53,145.87,113.85,111.67,141.4,129.5,0.023,82,13.6,390|702|546|858,1.0
66.61,146.11,113.75,112.28,140.7,130.1,0.033,82,13.6,390|702|546|858,1.0
66.67,145.61,113.09,111.6,139.9,130.7,0.015,82,13.6,390|702|546|858,1.0
66.75,145.36,113.35,111.33,139.8,130.9,0.016,82,13.6,390|702|546|858,1.0
66.83,144.62,112.42,111.24,139.9,130.6,0.009,82,13.6,390|702|546|858,1.0
66.91,145.02,113.02,111.13,140.0,130.2,0.032,82,13.6,390|702|546|858,1.0
66.98,144.88,112.85,111.81,139.8,130.2,0.02,82,13.6,390|702|546|858,1.0
67.06,145.14,113.38,111.6,140.1,129.8,0.017,82,21.7,624|546|936|858,1.0
67.14,144.92,113.26,111.51,139.7,129.9,0.003,82,21.7,624|546|936|858,1.0
67.2,144.95,113.66,111.18,139.7,130.7,0.002,82,21.7,624|546|936|858,1.0
67.28,145.4,113.8,112.03,139.9,130.8,0.012,82,21.7,624|546|936|858,1.0
67.36,146.0,114.22,112.58,139.7,130.8,0.004,82,21.7,624|546|936|858,1.0
67.44,144.67,113.7,110.88,139.5,130.6,0.024,82,21.7,624|546|936|858,1.0
67.52,144.96,113.27,112.22,140.0,130.6,0.026,82,21.7,624|546|936|858,1.0
67.59,145.4,113.86,111.88,139.5,130.4,0.023,82,21.7,624|858|624|858|702,1.0
67.67,145.3,114.32,112.12,139.2,130.4,0.028,82,21.7,624|858|624|858|702,1.0
67.73,145.22,113.51,111.71,139.7,130.9,0.021,82,21.7,624|858|624|858|702,1.0
67.81,145.32,114.08,111.64,139.1,131.1,0.01,82,21.7,624|858|624|858|702,1.0
67.89,145.37,113.65,111.72,139.4,130.8,0.01,82,21.7,624|858|624|858|702,1.0
67.97,145.86,114.56,112.09,139.5,131.0,0.004,82,21.7,624|858|624|858|702,1.0
68.05,144.67,113.71,111.64,139.5,130.6,0.022,82,21.7,624|858|624|858|702,1.0
68.11,145.09,114.25,112.09,139.5,130.6,0.013,75,21.8,780|624|858|702|858,1.0
68.19,145.71,114.65,112.42,139.1,131.2,0.013,75,21.8,780|624|858|702|858,1.0
68.27,145.07,114.02,111.42,139.6,130.7,0.003,75,21.8,780|624|858|702|858,1.0
68.34,146.53,114.55,113.06,140.1,129.9,0.03,75,21.8,780|624|858|702|858,1.0
68.42,145.18,113.48,111.49,139.1,130.7,0.021,75,21.8,780|624|858|702|858,1.0
68.5,145.64,114.2,111.97,139.3,130.7,0.002,75,21.8,780|624|858|702|858,1.0
68.58,145.49,114.05,111.67,139.8,130.7,0.012,75,21.8,780|624|858|702|858,1.0
68.64,145.48,113.94,111.83,140.6,129.7,0.048,75,21.8,624|858|702|858,1.0
68.72,145.98,114.46,112.75,139.7,130.2,0.052,75,21.8,624|858|702|858,1.0
68.8,146.24,114.64,112.44,140.3,130.0,0.002,75,21.8,624|858|702|858,1.0
68.88,145.81,113.97,111.97,140.1,130.3,0.002,75,21.8,624|858|702|858,1.0
68.95,146.25,114.38,112.94,140.3,130.5,0.001,75,21.8,624|858|702|858,1.0
69.02,146.34,114.48,112.62,140.5,129.8,0.001,75,21.8,624|858|702|858,1.0
69.09,146.14,114.8,112.77,140.1,130.9,0.0,75,21.8,624|858|702|858,1.0
69.17,145.81,114.78,112.65,139.9,130.7,0.001,68,21.8,624|936|858,1.0
69.25,146.34,114.56,112.62,139.6,130.4,0.0,68,21.8,624|936|858,1.0
69.33,145.98,114.52,112.63,140.3,130.1,0.001,68,21.8,624|936|858,1.0
69.39,146.1,114.31,112.59,140.1,130.1,0.0,68,21.8,624|936|858,1.0
69.47,146.38,114.37,112.52,139.3,131.2,0.001,68,21.8,624|936|858,1.0
69.55,145.9,113.92,112.36,139.9,130.9,0.0,68,21.8,624|936|858,1.0
69.62,146.27,114.15,113.01,139.8,130.5,0.0,68,21.8,624|936|858,1.0
69.7,145.79,113.69,112.28,139.9,130.7,0.001,68,21.8,624|936|936,1.0
69.78,145.56,113.69,112.68,140.7,129.6,0.0,68,21.8,624|936|936,1.0
69.86,145.82,113.71,111.97,140.2,130.1,0.0,68,21.8,624|936|936,1.0
69.92,145.04,113.77,111.71,139.9,129.8,0.0,68,21.8,624|936|936,1.0
70.0,144.87,113.79,111.45,140.2,130.4,0.0,68,21.8,624|936|936,1.0
70.08,144.82,113.74,111.23,140.1,130.2,0.0,68,21.8,624|936|936,1.0
70.16,145.21,113.74,111.41,140.3,130.5,0.0,68,21.8,624|936|936,1.0
70.23,146.13,114.22,112.1,140.0,130.4,0.001,75,21.8,624|936|936|624,1.0
70.3,144.98,113.04,112.21,140.4,130.0,0.001,75,21.8,624|936|936|624,1.0
70.38,145.74,114.0,112.06,140.2,130.2,0.001,75,21.8,624|936|936|624,1.0
70.45,144.99,113.33,111.96,140.5,129.8,0.002,75,21.8,624|936|936|624,1.0
70.53,144.79,113.23,111.38,140.7,130.1,0.0,75,21.8,624|936|936|624,1.0
70.61,146.3,113.82,112.4,140.1,130.5,0.001,75,21.8,624|936|936|624,1.0
70.69,145.43,113.44,111.81,140.2,129.8,0.001,75,21.8,624|936|936|624,1.0
70.77,145.86,113.42,112.43,139.7,129.9,0.001,75,21.8,858|936|624|780,1.0
70.83,145.79,113.52,112.2,140.9,129.4,0.001,75,21.8,858|936|624|780,1.0
70.91,145.47,113.5,112.24,140.7,129.5,0.0,75,21.8,858|936|624|780,1.0
70.98,145.09,113.76,111.8,141.2,130.1,0.0,75,21.8,858|936|624|780,1.0
71.06,145.69,113.86,112.43,141.0,130.1,0.001,75,21.8,858|936|624|780,1.0
71.14,145.53,113.37,112.21,140.4,130.3,0.0,75,21.8,858|936|624|780,1.0
71.22,145.33,113.39,112.25,140.5,130.6,0.0,75,21.8,858|936|624|780,1.0
71.28,145.53,113.21,111.88,140.6,130.6,0.0,82,21.8,936|624|780|624,1.0
71.36,145.51,113.36,111.85,141.0,130.5,0.001,82,21.8,936|624|780|624,1.0
71.44,145.39,113.04,111.75,140.5,130.4,0.001,82,21.8,936|624|780|624,1.0
71.52,145.89,113.74,111.93,140.6,130.5,0.001,82,21.8,936|624|780|624,1.0
71.59,145.18,113.26,111.56,140.7,130.6,0.0,82,21.8,936|624|780|624,1.0
71.67,145.19,113.42,112.4,141.0,130.1,0.001,82,21.8,936|624|780|624,1.0
71.75,144.97,113.24,111.54,141.0,130.1,0.001,82,21.8,936|624|780|624,1.0
71.81,145.23,113.05,112.09,140.6,130.9,0.0,82,24.5,1014|546|858|546|780,1.0
71.89,145.41,113.03,112.07,140.8,130.2,0.0,82,24.5,1014|546|858|546|780,1.0
71.97,144.65,113.15,112.15,141.7,130.4,0.0,82,24.5,1014|546|858|546|780,1.0
72.05,145.17,113.11,111.64,141.6,129.5,0.0,82,24.5,1014|546|858|546|780,1.0
72.12,145.1,113.11,112.08,141.0,129.8,0.0,82,24.5,1014|546|858|546|780,1.0
72.2,145.43,113.32,111.83,141.5,130.0,0.001,82,24.5,1014|546|858|546|780,1.0
72.27,144.95,112.76,112.05,141.5,129.5,0.001,82,24.5,1014|546|858|546|780,1.0
72.34,144.81,112.96,112.04,142.0,129.5,0.001,82,24.5,546|858|546|780,1.0
72.42,145.14,113.29,112.23,141.4,130.2,0.0,82,24.5,546|858|546|780,1.0
72.5,145.34,112.7,111.64,141.0,129.9,0.001,82,24.5,546|858|546|780,1.0
72.58,145.0,113.18,111.56,141.5,129.6,0.0,82,24.5,546|858|546|780,1.0
72.66,145.01,113.55,111.72,141.5,130.0,0.001,82,24.5,546|858|546|780,1.0
72.72,145.35,113.18,112.26,140.7,130.5,0.0,82,24.5,546|858|546|780,1.0
72.8,144.45,112.74,111.56,141.3,129.8,0.001,82,24.5,546|858|546|780,1.0
72.88,145.12,113.07,111.75,141.8,129.5,0.001,83,24.5,624|780|624|702|624,1.0
72.95,144.5,112.76,111.45,141.4,129.4,0.0,83,24.5,624|780|624|702|624,1.0
73.03,145.05,113.16,112.37,141.0,130.7,0.001,83,24.5,624|780|624|702|624,1.0
73.11,145.03,113.0,111.47,141.4,130.1,0.001,83,24.5,624|780|624|702|624,1.0
73.19,145.17,113.14,112.05,141.5,130.0,0.001,83,24.5,624|780|624|702|624,1.0
73.25,145.13,113.32,112.48,141.1,130.2,0.001,83,24.5,624|780|624|702|624,1.0
73.33,144.59,112.44,111.57,142.1,130.2,0.001,83,24.5,624|780|624|702|624,1.0
73.41,145.36,112.99,111.86,141.5,130.1,0.001,83,24.5,624|780|546|546,1.0
73.48,144.95,112.46,111.67,141.7,130.1,0.001,83,24.5,624|780|546|546,1.0
73.56,145.2,112.94,111.98,141.8,130.9,0.001,83,24.5,624|780|546|546,1.0
73.62,144.74,112.23,111.83,141.7,130.5,0.001,83,24.5,624|780|546|546,1.0
73.7,145.43,112.88,112.47,142.0,129.1,0.001,83,24.5,624|780|546|546,1.0
73.78,145.75,113.46,112.76,141.8,130.6,0.001,83,24.5,624|780|546|546,1.0
73.88,146.0,113.49,112.57,141.2,129.4,0.001,83,24.5,624|780|546|546,1.0
73.95,144.89,113.02,111.81,141.0,130.1,0.001,83,24.5,546|546|546,1.0
74.03,145.74,113.24,112.3,141.7,129.7,0.001,83,24.5,546|546|546,1.0
74.11,145.42,113.19,112.07,141.3,130.2,0.0,83,24.5,546|546|546,1.0
74.19,145.21,112.98,111.77,141.2,129.8,0.001,83,24.5,546|546|546,1.0
74.25,145.15,112.41,112.0,141.3,130.1,0.001,83,24.5,546|546|546,1.0
74.33,144.92,113.4,112.16,142.5,129.9,0.001,83,24.5,546|546|546,1.0
74.41,144.72,114.83,113.04,144.0,130.0,0.001,83,24.5,546|546|546,1.0
74.48,145.68,116.53,114.07,144.1,129.6,0.001,75,24.5,780|624|468|390|702,1.0
74.56,143.63,114.36,112.41,144.7,130.6,0.001,75,24.5,780|624|468|390|702,1.0
74.64,142.11,111.9,110.99,144.2,131.1,0.001,75,24.5,780|624|468|390|702,1.0
74.7,145.51,115.81,114.0,144.5,130.5,0.001,75,24.5,780|624|468|390|702,1.0
74.78,145.34,115.16,113.92,143.0,130.2,0.001,75,24.5,780|624|468|390|702,1.0
74.86,145.6,114.75,113.53,143.6,129.9,0.001,75,24.5,780|624|468|390|702,1.0
74.94,146.12,115.26,114.23,143.1,130.0,0.001,75,24.5,780|624|468|390|702,1.0
75.02,145.22,115.06,113.06,143.3,130.9,0.001,113,24.5,624|468|390|702|546,1.0
75.09,145.42,114.93,113.17,143.2,130.9,0.0,113,24.5,624|468|390|702|546,1.0
75.16,145.12,115.32,112.75,142.3,131.8,0.001,113,24.5,624|468|390|702|546,1.0
75.23,144.24,115.27,112.05,142.5,131.8,0.001,113,24.5,624|468|390|702|546,1.0
75.31,144.48,116.24,111.99,142.9,131.6,0.0,113,24.5,624|468|390|702|546,1.0
75.39,145.32,119.6,112.83,142.3,132.3,0.001,113,24.5,624|468|390|702|546,1.0
75.47,144.57,119.1,112.86,142.7,132.0,0.002,113,24.5,624|468|390|702|546,1.0
75.55,142.82,118.0,111.83,142.2,132.5,0.0,113,24.5,546|468|390|702|546|390,1.0
75.62,143.0,117.72,111.17,142.9,132.4,0.002,113,24.5,546|468|390|702|546|390,1.0
75.69,145.03,117.93,112.01,143.4,131.6,0.001,113,24.5,546|468|390|702|546|390,1.0
75.77,144.43,115.5,110.79,144.4,131.4,0.001,113,24.5,546|468|390|702|546|390,1.0
75.88,142.96,113.4,109.67,144.7,131.1,0.001,113,24.5,546|468|390|702|546|390,1.0
75.95,142.07,111.73,109.04,145.7,130.3,0.0,113,24.5,546|468|390|702|546|390,1.0
76.03,141.11,109.99,108.44,143.6,130.4,0.001,113,24.5,546|468|390|702|546|390,1.0
76.11,140.45,109.52,108.33,144.8,129.5,0.0,119,24.5,546|858|780|468|390|858|624,1.0
76.19,141.01,109.71,108.48,142.7,129.6,0.0,119,24.5,546|858|780|468|390|858|624,1.0
76.25,140.99,109.69,108.22,143.7,129.5,0.0,119,24.5,546|858|780|468|390|858|624,1.0
76.33,140.89,110.21,108.63,144.3,129.2,0.001,119,24.5,546|858|780|468|390|858|624,1.0
76.41,139.55,108.25,107.01,142.9,129.1,0.0,119,24.5,546|858|780|468|390|858|624,1.0
76.48,139.85,108.88,107.3,142.6,130.6,0.001,119,24.5,546|858|780|468|390|858|624,1.0
76.56,139.44,108.24,107.05,142.9,128.8,0.0,119,24.5,546|858|780|468|390|858|624,1.0
76.64,139.83,108.56,107.73,142.4,129.6,0.001,105,24.5,390|468|390|624|390,1.0
76.72,140.19,109.32,108.51,142.2,129.6,0.001,105,24.5,390|468|390|624|390,1.0
76.8,139.69,109.3,107.98,143.4,130.3,0.001,105,24.5,390|468|390|624|390,1.0
76.88,139.68,109.77,107.93,143.9,131.9,0.0,105,24.5,390|468|390|624|390,1.0
76.94,139.75,109.48,107.77,144.2,131.5,0.001,105,24.5,390|468|390|624|390,1.0
77.02,139.75,109.52,107.55,144.4,130.9,0.001,105,24.5,390|468|390|624|390,1.0
77.09,139.04,109.3,107.22,142.8,131.2,0.001,105,24.5,390|468|390|624|390,1.0
77.17,140.36,109.88,108.09,142.2,130.2,0.001,127,24.5,,1.0
77.25,139.35,108.96,108.01,141.3,130.4,0.0,127,24.5,,1.0
77.33,138.81,108.73,107.51,140.3,130.6,0.001,127,24.5,,1.0
77.39,138.51,108.6,107.66,141.0,130.3,0.002,127,24.5,,1.0
77.47,137.77,108.41,107.81,141.8,129.8,0.001,127,24.5,,1.0
77.55,137.17,108.91,108.15,140.0,131.1,0.002,127,24.5,,1.0
77.62,137.63,108.98,108.3,140.0,131.5,0.001,127,24.5,,1.0
77.69,136.82,107.89,107.44,140.7,130.3,0.001,45,24.5,1248|936|936,1.0
77.77,137.1,108.35,107.84,141.2,129.7,0.001,45,24.5,1248|936|936,1.0
77.84,136.1,107.71,106.92,141.9,131.4,0.0,45,24.5,1248|936|936,1.0
77.92,135.89,107.64,107.82,143.8,130.6,0.001,45,24.5,1248|936|936,1.0
78.0,137.19,108.82,108.27,144.7,131.4,0.0,45,24.5,1248|936|936,1.0
78.08,139.45,109.88,109.96,144.9,131.3,0.0,45,24.5,1248|936|936,1.0
78.16,140.35,110.58,110.06,143.6,131.7,0.0,45,24.5,1248|936|936,1.0
78.22,141.97,111.94,111.22,143.5,131.8,0.0,52,27.2,624|936|858,1.0
78.3,144.49,114.41,113.48,143.5,131.4,0.001,52,27.2,624|936|858,1.0
78.38,145.84,115.78,114.12,143.4,131.5,0.0,52,27.2,624|936|858,1.0
78.45,146.57,115.99,113.61,143.3,131.1,0.0,52,27.2,624|936|858,1.0
78.53,146.02,115.43,112.93,141.3,131.2,0.0,52,27.2,624|936|858,1.0
78.61,146.08,114.9,113.12,142.5,131.0,0.0,52,27.2,624|936|858,1.0
78.67,146.86,115.66,113.58,141.9,131.6,0.001,52,27.2,624|936|858,1.0
78.75,146.82,115.67,113.24,142.3,130.5,0.001,52,27.3,546|936|858,1.0
78.83,146.6,115.5,113.63,141.7,131.3,0.0,52,27.3,546|936|858,1.0
78.91,146.98,116.02,113.73,141.7,130.9,0.0,52,27.3,546|936|858,1.0
78.97,146.88,116.29,114.04,141.1,131.4,0.001,52,27.3,546|936|858,1.0
79.05,147.54,117.23,114.83,141.6,130.6,0.001,52,27.3,546|936|858,1.0
79.12,147.52,117.27,114.33,141.3,131.5,0.001,52,27.3,546|936|858,1.0
79.2,147.36,116.63,114.72,141.0,131.5,0.001,52,27.3,546|936|858,1.0
79.28,146.32,115.46,113.86,141.4,131.1,0.001,52,27.3,546|936|858,1.0
79.36,147.29,115.66,114.17,141.4,130.4,0.001,52,27.3,546|936|858,1.0
79.44,146.15,115.19,113.05,141.7,130.7,0.001,52,27.3,546|936|858,1.0
79.5,146.77,115.59,113.76,141.9,130.7,0.001,52,27.3,546|936|858,1.0
79.58,146.03,114.78,114.02,142.2,130.3,0.002,52,27.3,546|936|858,1.0
79.66,145.78,114.66,113.27,141.6,130.4,0.001,52,27.3,546|936|858,1.0
79.73,146.23,114.8,113.49,141.8,130.4,0.0,52,27.3,546|936|858,1.0
79.81,145.16,113.16,112.14,141.4,130.0,0.001,52,27.3,,1.0
79.88,145.72,113.65,112.6,141.0,129.8,0.0,52,27.3,,1.0
79.95,145.29,113.08,112.91,140.8,130.0,0.002,52,27.3,,1.0
80.03,143.3,111.49,111.3,140.4,130.7,0.0,52,27.3,,1.0
80.11,143.22,111.91,111.16,141.0,129.9,0.001,52,27.3,,1.0
80.19,143.42,111.96,110.92,141.1,129.9,0.001,52,27.3,,1.0
80.27,143.26,111.79,111.08,141.3,130.2,0.0,52,27.3,,1.0
80.34,144.42,112.62,111.47,140.5,129.9,0.0,60,27.3,,1.0
80.41,146.03,113.87,112.79,140.3,130.0,0.0,60,27.3,,1.0
80.48,147.27,114.01,113.62,141.0,129.6,0.0,60,27.3,,1.0
80.56,146.36,113.71,112.98,140.4,129.7,0.0,60,27.3,,1.0
80.64,147.44,114.76,113.68,141.1,130.3,0.0,60,27.3,,1.0
80.72,146.51,115.06,113.5,140.4,130.5,0.0,60,27.3,,1.0
80.8,145.95,114.35,113.59,140.6,130.5,0.0,60,27.3,,1.0
80.88,145.68,114.22,113.45,140.9,130.1,0.0,82,24.5,858|624|624,1.0
80.94,144.18,112.81,112.57,140.6,130.1,0.001,82,24.5,858|624|624,1.0
81.02,145.68,113.69,113.35,141.4,129.4,0.001,82,24.5,858|624|624,1.0
81.09,144.89,113.16,112.69,141.2,129.7,0.0,82,24.5,858|624|624,1.0
81.17,144.56,113.5,112.58,141.6,130.1,0.0,82,24.5,858|624|624,1.0
81.25,143.89,113.27,112.02,141.7,129.6,0.0,82,24.5,858|624|624,1.0
81.33,144.09,113.39,112.11,141.2,130.4,0.0,82,24.5,858|624|624,1.0
81.41,143.66,113.52,111.33,141.8,129.5,0.0,82,24.5,858|624|624|780|624,1.0
81.48,142.97,113.03,112.22,141.3,130.4,0.001,82,24.5,858|624|624|780|624,1.0
81.55,143.62,114.65,112.66,141.4,130.4,0.0,82,24.5,858|624|624|780|624,1.0
81.62,143.12,114.68,112.53,141.4,131.2,0.0,82,24.5,858|624|624|780|624,1.0
81.7,143.11,114.92,112.93,141.8,130.8,0.0,82,24.5,858|624|624|780|624,1.0
81.78,143.06,114.72,112.55,142.0,129.6,0.001,82,24.5,858|624|624|780|624,1.0
81.86,143.05,114.85,112.83,141.1,130.7,0.001,82,24.5,858|624|624|780|624,1.0
81.92,142.98,114.29,112.47,140.5,131.0,0.0,90,24.5,858|624|624|780|624|546|702,1.0
82.0,143.14,114.49,112.04,140.3,130.9,0.001,90,24.5,858|624|624|780|624|546|702,1.0
82.08,142.22,113.58,111.01,140.9,130.4,0.0,90,24.5,858|624|624|780|624|546|702,1.0
82.16,143.15,114.22,112.03,140.7,130.8,0.0,90,24.5,858|624|624|780|624|546|702,1.0
82.23,143.5,113.82,112.16,140.3,131.1,0.001,90,24.5,858|624|624|780|624|546|702,1.0
82.31,143.32,114.13,112.1,140.9,130.6,0.0,90,24.5,858|624|624|780|624|546|702,1.0
82.39,143.24,113.62,112.14,140.6,130.3,0.001,90,24.5,858|624|624|780|624|546|702,1.0
82.45,143.44,114.06,112.17,140.8,130.2,0.001,90,24.5,624|858|546|624|624,1.0
82.53,143.78,113.52,112.67,140.8,129.7,0.0,90,24.5,624|858|546|624|624,1.0
82.61,143.49,113.45,112.34,140.1,130.4,0.0,90,24.5,624|858|546|624|624,1.0
82.69,143.45,113.99,111.98,140.7,130.7,0.0,90,24.5,624|858|546|624|624,1.0
82.77,143.32,113.59,112.07,140.0,131.1,0.001,90,24.5,624|858|546|624|624,1.0
82.83,143.69,113.58,112.8,140.4,130.5,0.001,90,24.5,624|858|546|624|624,1.0
82.91,143.65,113.9,112.61,140.8,130.3,0.0,90,24.5,624|858|546|624|624,1.0
82.98,145.05,114.39,113.29,140.4,130.3,0.001,97,24.5,858|702|468|624|624,1.0
83.06,144.91,114.36,114.04,140.1,130.9,0.0,97,24.5,858|702|468|624|624,1.0
83.14,144.35,113.72,112.83,139.9,130.6,0.001,97,24.5,858|702|468|624|624,1.0
83.22,144.25,113.99,112.71,141.0,129.8,0.001,97,24.5,858|702|468|624|624,1.0
83.28,144.47,114.41,113.25,141.5,129.8,0.001,97,24.5,858|702|468|624|624,1.0
83.36,144.25,114.27,113.21,141.3,129.7,0.0,97,24.5,858|702|468|624|624,1.0
83.44,144.03,114.06,112.82,140.9,130.4,0.0,97,24.5,858|702|468|624|624,1.0
83.52,144.24,113.65,112.88,141.3,130.8,0.001,105,24.5,702|468|702|546|468,1.0
83.59,144.39,113.58,112.34,139.7,131.0,0.0,105,24.5,702|468|702|546|468,1.0
83.67,143.29,112.9,111.94,138.8,130.8,0.0,105,24.5,702|468|702|546|468,1.0
83.75,144.06,113.47,112.73,138.7,130.7,0.0,105,24.5,702|468|702|546|468,1.0
83.83,143.24,113.05,112.1,138.8,130.3,0.001,105,24.5,702|468|702|546|468,1.0
83.91,143.96,113.61,112.63,138.8,131.1,0.0,105,24.5,702|468|702|546|468,1.0
83.97,144.05,113.64,112.75,139.2,130.1,0.0,105,24.5,702|468|702|546|468,1.0
84.05,144.08,113.27,112.95,139.3,130.1,0.001,106,27.2,468|624|624|468,1.0
84.12,143.41,113.07,112.68,139.1,130.8,0.0,106,27.2,468|624|624|468,1.0
84.2,143.6,112.98,112.32,139.0,130.4,0.0,106,27.2,468|624|624|468,1.0
84.28,144.12,113.06,112.91,138.4,131.5,0.001,106,27.2,468|624|624|468,1.0
84.36,143.79,112.91,112.97,139.2,130.3,0.0,106,27.2,468|624|624|468,1.0
84.42,144.41,113.13,113.04,139.1,130.6,0.001,106,27.2,468|624|624|468,1.0
84.5,144.05,113.14,112.9,139.0,130.5,0.0,106,27.2,468|624|624|468,1.0
84.58,144.03,112.93,112.52,138.4,130.7,0.0,113,19.1,390|702|546|468,1.0
84.66,144.25,113.15,112.97,138.1,130.6,0.001,113,19.1,390|702|546|468,1.0
84.73,144.39,113.15,113.2,138.8,130.9,0.0,113,19.1,390|702|546|468,1.0
84.8,144.56,113.55,112.96,139.2,130.6,0.0,113,19.1,390|702|546|468,1.0
84.88,145.23,113.68,113.2,139.4,130.4,0.0,113,19.1,390|702|546|468,1.0
84.95,144.74,113.42,113.14,139.5,130.1,0.0,113,19.1,390|702|546|468,1.0
85.03,143.48,112.34,112.05,139.0,130.6,0.0,113,19.1,390|702|546|468,1.0
85.11,144.73,113.6,113.11,139.0,130.3,0.001,53,19.1,,1.0
85.19,144.48,112.64,113.33,139.2,130.6,0.001,53,19.1,,1.0
85.27,144.19,113.51,112.94,139.4,130.2,0.001,53,19.1,,1.0
85.34,144.63,113.17,112.93,139.2,130.6,0.001,53,19.1,,1.0
85.41,144.83,113.96,113.43,138.8,130.9,0.001,53,19.1,,1.0
85.48,144.15,113.42,112.99,139.0,130.6,0.0,53,19.1,,1.0
85.56,144.86,113.6,113.48,139.2,131.4,0.001,53,19.1,,1.0
85.64,144.67,113.38,113.16,139.0,130.7,0.001,53,19.1,546|546|624,1.0
85.72,144.63,113.78,112.82,139.9,130.1,0.0,53,19.1,546|546|624,1.0
85.8,143.99,113.31,112.71,140.2,130.2,0.0,53,19.1,546|546|624,1.0
85.86,144.3,113.94,112.82,140.5,130.4,0.0,53,19.1,546|546|624,1.0
85.94,144.59,113.8,112.7,140.4,130.7,0.0,53,19.1,546|546|624,1.0
86.02,144.98,114.57,113.25,141.1,129.5,0.0,53,19.1,546|546|624,1.0
86.09,144.31,113.74,113.14,140.6,130.2,0.0,53,19.1,546|546|624,1.0
86.16,144.8,114.3,113.21,139.7,130.9,0.001,119,19.1,468|546|468|546|546,1.0
86.23,144.23,113.72,112.72,140.8,130.1,0.0,119,19.1,468|546|468|546|546,1.0
86.31,144.48,113.82,113.0,140.3,130.2,0.001,119,19.1,468|546|468|546|546,1.0
86.39,144.48,114.06,112.26,139.9,130.7,0.0,119,19.1,468|546|468|546|546,1.0
86.47,143.78,113.0,112.21,140.4,130.6,0.0,119,19.1,468|546|468|546|546,1.0
86.55,144.38,113.55,113.26,140.1,131.1,0.001,119,19.1,468|546|468|546|546,1.0
86.62,144.11,114.1,112.49,141.2,130.2,0.001,119,19.1,468|546|468|546|546,1.0
86.69,145.32,114.75,113.45,140.4,130.4,0.001,90,19.1,468|624|546|702,1.0
86.77,145.19,114.07,113.35,140.3,130.6,0.001,90,19.1,468|624|546|702,1.0
86.84,144.7,114.11,112.47,140.6,130.0,0.001,90,19.1,468|624|546|702,1.0
86.92,145.17,114.61,112.91,141.2,130.1,0.001,90,19.1,468|624|546|702,1.0
87.0,145.27,114.58,113.1,140.6,130.1,0.001,90,19.1,468|624|546|702,1.0
87.08,145.84,114.55,113.23,140.7,130.3,0.0,90,19.1,468|624|546|702,1.0
87.14,146.27,114.84,114.04,140.4,130.1,0.0,90,19.1,468|624|546|702,1.0
87.22,145.88,115.09,113.8,141.1,129.8,0.0,90,19.1,546|624|624|858,1.0
87.3,145.97,114.98,113.39,140.1,130.8,0.0,90,19.1,546|624|624|858,1.0
87.38,145.66,114.72,113.42,140.4,130.7,0.001,90,19.1,546|624|624|858,1.0
87.45,146.26,115.45,114.05,141.2,130.1,0.001,90,19.1,546|624|624|858,1.0
87.53,146.13,115.33,114.26,140.3,130.5,0.001,90,19.1,546|624|624|858,1.0
87.59,146.43,115.38,113.83,140.3,130.2,0.001,90,19.1,546|624|624|858,1.0
87.67,145.87,114.96,113.15,140.4,130.2,0.001,90,19.1,546|624|624|858,1.0
87.75,146.24,115.51,114.48,140.5,130.4,0.001,90,19.1,546|624|624|858,1.0
87.83,145.81,115.41,113.65,140.4,130.7,0.001,90,19.1,546|624|624|858,1.0
87.91,146.5,115.92,114.39,140.0,130.9,0.001,90,19.1,546|624|624|858,1.0
87.98,146.22,115.68,114.07,140.3,130.3,0.001,90,19.1,546|624|624|858,1.0
88.05,146.2,115.79,113.56,140.4,130.8,0.0,90,19.1,546|624|624|858,1.0
88.12,145.92,115.45,113.84,140.9,130.4,0.0,90,19.1,546|624|624|858,1.0
88.2,145.46,114.86,113.64,141.1,130.1,0.001,90,19.1,546|624|624|858,1.0
88.28,145.62,114.83,113.46,140.9,130.5,0.001,90,19.1,546|624|702|780,1.0
88.36,145.83,115.34,113.45,140.5,129.9,0.001,90,19.1,546|624|702|780,1.0
88.44,145.55,114.78,113.17,140.6,130.6,0.001,90,19.1,546|624|702|780,1.0
88.52,146.27,115.67,113.87,140.2,130.8,0.001,90,19.1,546|624|702|780,1.0
88.61,145.82,115.3,113.99,140.7,130.0,0.001,90,19.1,546|624|702|780,1.0
88.67,145.41,115.07,113.11,141.1,130.0,0.001,90,19.1,546|624|702|780,1.0
88.75,145.61,115.66,114.11,140.5,130.7,0.001,90,19.1,546|624|702|780,1.0
88.83,145.82,115.37,113.23,141.3,129.5,0.001,90,19.0,546|624|702|780|468|858,1.0
88.91,146.51,115.83,114.45,140.1,130.4,0.001,90,19.0,546|624|702|780|468|858,1.0
88.98,146.03,114.92,114.27,141.0,130.1,0.001,90,19.0,546|624|702|780|468|858,1.0
89.06,146.51,115.23,114.15,142.0,128.6,0.001,90,19.0,546|624|702|780|468|858,1.0
89.12,145.8,115.14,113.89,140.4,129.8,0.001,90,19.0,546|624|702|780|468|858,1.0
89.2,146.48,115.76,113.76,140.6,130.0,0.001,90,19.0,546|624|702|780|468|858,1.0
89.28,145.95,115.58,113.66,139.9,130.5,0.001,90,19.0,546|624|702|780|468|858,1.0
89.36,146.23,115.18,113.8,140.7,130.2,0.001,121,19.0,546|702|858|858|624,1.0
89.44,146.03,115.56,113.58,141.1,129.9,0.001,121,19.0,546|702|858|858|624,1.0
89.5,146.01,115.47,113.68,141.0,129.9,0.001,121,19.0,546|702|858|858|624,1.0
89.61,146.4,115.25,113.66,140.2,130.8,0.001,121,19.0,546|702|858|858|624,1.0
89.69,146.45,115.0,113.87,141.6,128.8,0.001,121,19.0,546|702|858|858|624,1.0
89.75,146.03,115.3,113.37,140.7,130.1,0.001,121,19.0,546|702|858|858|624,1.0
89.83,146.26,115.24,114.01,139.9,130.9,0.001,121,19.0,546|702|858|858|624,1.0
89.91,146.44,115.33,114.08,140.8,130.4,0.0,194,19.1,858|468|858|546,1.0
89.98,145.95,114.81,114.04,141.0,129.8,0.001,194,19.1,858|468|858|546,1.0
90.06,145.9,114.91,113.71,140.7,130.6,0.001,194,19.1,858|468|858|546,1.0
90.14,146.39,115.07,113.84,142.0,129.8,0.001,194,19.1,858|468|858|546,1.0
90.22,145.95,114.81,113.87,140.9,130.2,0.001,194,19.1,858|468|858|546,1.0
90.28,146.02,114.93,113.54,141.5,129.7,0.001,194,19.1,858|468|858|546,1.0
90.36,146.12,114.68,114.15,139.9,130.0,0.0,194,19.1,858|468|858|546,1.0
90.44,146.6,115.18,113.88,140.4,130.6,0.0,194,19.1,468|858|624,1.0
90.52,145.83,114.54,113.7,141.0,129.9,0.0,194,19.1,468|858|624,1.0
90.61,145.86,114.7,113.47,141.3,130.0,0.001,194,19.1,468|858|624,1.0
90.69,145.83,114.46,113.51,140.9,130.2,0.001,194,19.1,468|858|624,1.0
90.77,146.16,114.69,113.59,140.8,130.0,0.0,194,19.1,468|858|624,1.0
90.83,146.68,114.74,113.68,141.3,129.6,0.0,194,19.1,468|858|624,1.0
90.91,145.67,114.58,113.3,140.3,129.8,0.0,194,19.1,468|858|624,1.0
90.98,145.9,114.02,113.57,140.6,129.7,0.001,67,19.1,390|624|546|546|780,1.0
91.06,144.98,113.38,113.15,141.0,130.4,0.001,67,19.1,390|624|546|546|780,1.0
91.14,145.56,113.95,112.95,141.0,130.5,0.001,67,19.1,390|624|546|546|780,1.0
91.2,145.19,114.18,112.85,140.2,130.7,0.001,67,19.1,390|624|546|546|780,1.0
91.28,146.49,114.69,113.43,141.1,130.0,0.001,67,19.1,390|624|546|546|780,1.0
91.36,145.16,114.07,112.64,141.4,129.5,0.001,67,19.1,390|624|546|546|780,1.0
91.44,145.87,114.6,114.05,141.0,130.0,0.001,67,19.1,390|624|546|546|780,1.0
91.55,146.36,114.47,113.16,141.5,129.6,0.001,68,19.0,624|546|546,1.0
91.62,145.62,113.66,113.04,140.7,130.3,0.001,68,19.0,624|546|546,1.0
91.69,145.52,114.0,113.04,141.5,129.8,0.001,68,19.0,624|546|546,1.0
91.77,146.19,114.37,113.44,140.9,130.7,0.001,68,19.0,624|546|546,1.0
91.84,146.47,114.9,113.48,141.6,130.7,0.002,68,19.0,624|546|546,1.0
91.92,146.51,114.79,113.98,141.5,130.1,0.002,68,19.0,624|546|546,1.0
92.0,146.36,114.84,113.78,141.8,130.2,0.001,68,19.0,624|546|546,1.0
92.08,146.26,114.46,114.21,142.4,129.7,0.0,90,19.0,,1.0
92.14,146.03,113.95,113.35,142.2,129.7,0.0,90,19.0,,1.0
92.22,146.2,114.43,113.88,141.4,129.9,0.0,90,19.0,,1.0
92.3,146.73,114.81,114.25,142.0,129.4,0.0,90,19.0,,1.0
92.38,146.53,114.44,113.91,141.6,129.7,0.0,90,19.0,,1.0
92.45,146.51,114.84,113.91,141.4,130.6,0.0,90,19.0,,1.0
92.53,146.73,114.81,114.12,141.5,130.4,0.0,90,19.0,,1.0
92.59,147.18,115.22,113.89,141.2,130.0,0.0,90,16.4,,1.0
92.67,146.87,114.79,113.69,141.4,130.1,0.0,90,16.4,,1.0
92.75,147.05,115.0,114.5,141.2,130.4,0.0,90,16.4,,1.0
92.83,146.67,114.37,113.44,141.3,130.3,0.0,90,16.4,,1.0
92.91,147.09,114.82,114.31,140.9,130.6,0.0,90,16.4,,1.0
92.98,146.72,114.39,113.88,141.2,130.7,0.0,90,16.4,,1.0
93.05,146.91,114.66,114.03,140.8,129.9,0.0,90,16.4,,1.0
93.12,146.81,114.92,113.87,141.3,129.8,0.0,90,16.4,780|936|1092,1.0
93.2,146.5,114.61,113.61,140.9,130.3,0.0,90,16.4,780|936|1092,1.0
93.28,145.99,114.38,113.18,140.7,130.0,0.0,90,16.4,780|936|1092,1.0
93.34,147.04,115.2,114.27,140.7,129.2,0.0,90,16.4,780|936|1092,1.0
93.42,147.48,115.29,114.72,140.4,130.6,0.0,90,16.4,780|936|1092,1.0
93.5,148.07,116.0,115.27,140.8,129.8,0.0,90,16.4,780|936|1092,1.0
93.58,147.15,114.73,114.28,141.2,129.8,0.0,90,16.4,780|936|1092,1.0
93.66,146.99,115.22,114.06,140.4,130.7,0.0,90,16.4,780|936|1092,1.0
93.73,147.12,114.85,114.13,141.2,129.9,0.0,90,16.4,780|936|1092,1.0
93.8,146.57,114.64,113.65,140.5,130.4,0.0,90,16.4,780|936|1092,1.0
93.88,146.51,114.85,113.79,140.4,130.4,0.0,90,16.4,780|936|1092,1.0
93.95,146.37,114.93,113.35,140.3,130.8,0.0,90,16.4,780|936|1092,1.0
94.03,146.54,114.81,114.01,140.9,130.1,0.0,90,16.4,780|936|1092,1.0
94.11,146.83,115.27,113.96,141.6,129.6,0.001,90,16.4,780|936|1092,1.0
94.17,146.27,114.83,113.59,140.0,130.7,0.001,90,16.4,,1.0
94.25,146.9,115.01,114.19,140.7,130.3,0.0,90,16.4,,1.0
94.33,146.39,114.61,113.64,141.1,130.0,0.001,90,16.4,,1.0
94.41,146.35,114.92,113.6,141.0,130.1,0.0,90,16.4,,1.0
94.47,146.12,114.61,113.71,140.9,129.5,0.0,90,16.4,,1.0
94.55,146.15,114.7,113.58,140.8,130.2,0.001,90,16.4,,1.0
94.62,146.45,115.24,113.73,140.0,131.1,0.0,90,16.4,,1.0
94.7,146.55,115.44,113.66,140.3,130.6,0.001,90,24.5,936|546|546,1.0
94.78,146.56,115.31,114.0,140.3,130.2,0.001,90,24.5,936|546|546,1.0
94.86,147.07,115.78,113.97,140.4,130.2,0.0,90,24.5,936|546|546,1.0
94.94,147.01,116.16,114.35,139.9,130.9,0.001,90,24.5,936|546|546,1.0
95.02,146.38,115.3,113.38,139.9,130.8,0.001,90,24.5,936|546|546,1.0
95.08,146.76,115.66,114.26,140.2,130.2,0.0,90,24.5,936|546|546,1.0
95.16,145.83,114.5,113.12,140.8,129.5,0.001,90,24.5,936|546|546,1.0
95.23,146.9,115.11,113.67,140.2,130.5,0.001,90,24.5,936|1092|546|546|780,1.0
95.31,145.75,114.87,113.07,140.6,130.5,0.001,90,24.5,936|1092|546|546|780,1.0
95.39,146.17,114.94,113.29,141.6,129.6,0.001,90,24.5,936|1092|546|546|780,1.0
95.45,146.32,114.75,113.75,140.7,130.4,0.001,90,24.5,936|1092|546|546|780,1.0
95.53,146.63,115.96,113.57,141.4,130.4,0.001,90,24.5,936|1092|546|546|780,1.0
95.61,146.58,115.81,113.84,141.1,130.0,0.0,90,24.5,936|1092|546|546|780,1.0
95.69,146.96,115.64,113.94,140.8,130.6,0.001,90,24.5,936|1092|546|546|780,1.0
95.77,147.13,116.14,114.47,140.7,130.1,0.001,90,24.5,624|546|780|546,1.0
95.84,147.79,116.7,115.16,140.6,129.7,0.001,90,24.5,624|546|780|546,1.0
95.94,148.65,117.67,115.9,141.8,130.0,0.002,90,24.5,624|546|780|546,1.0
96.02,148.28,117.29,116.13,140.9,130.3,0.002,90,24.5,624|546|780|546,1.0
96.09,148.92,118.16,116.43,139.7,129.9,0.002,90,24.5,624|546|780|546,1.0
96.16,148.11,117.72,115.6,139.7,130.3,0.002,90,24.5,624|546|780|546,1.0
96.23,148.31,117.66,116.05,139.8,130.3,0.002,90,24.5,624|546|780|546,1.0
96.31,148.66,117.73,116.25,139.4,130.4,0.002,90,24.5,624|546|780|546,1.0
96.39,149.08,118.04,115.95,139.8,130.6,0.002,90,24.5,624|546|780|546,1.0
96.47,148.73,117.63,115.89,140.1,130.2,0.002,90,24.5,624|546|780|546,1.0
96.55,148.58,117.85,115.67,139.5,130.1,0.002,90,24.5,624|546|780|546,1.0
96.61,148.77,117.97,115.92,139.8,129.6,0.002,90,24.5,624|546|780|546,1.0
96.69,148.85,118.06,116.48,140.6,129.3,0.002,90,24.5,624|546|780|546,1.0
96.77,147.79,116.25,115.08,140.4,129.4,0.002,90,24.5,624|546|780|546,1.0
96.84,148.05,116.4,115.41,140.2,130.4,0.002,90,10.9,546|546|546,1.0
96.92,147.26,115.65,114.89,141.1,130.1,0.001,90,10.9,546|546|546,1.0
97.0,147.38,115.99,114.97,140.2,130.0,0.001,90,10.9,546|546|546,1.0
97.06,147.13,115.49,114.34,140.4,131.3,0.001,90,10.9,546|546|546,1.0
97.14,147.41,115.86,114.79,140.8,130.2,0.001,90,10.9,546|546|546,1.0
97.22,147.24,115.56,114.83,140.7,130.2,0.001,90,10.9,546|546|546,1.0
97.3,147.49,115.01,114.57,140.9,130.0,0.001,90,10.9,546|546|546,1.0
97.38,147.29,115.66,114.65,141.2,129.6,0.001,83,10.9,546|546|780|546|858|780,1.0
97.44,147.09,114.76,114.6,141.1,130.4,0.001,83,10.9,546|546|780|546|858|780,1.0
97.52,146.83,114.58,114.02,141.4,129.7,0.002,83,10.9,546|546|780|546|858|780,1.0
97.59,147.26,114.85,114.3,140.8,130.0,0.002,83,10.9,546|546|780|546|858|780,1.0
97.67,146.45,114.21,113.61,141.6,130.0,0.001,83,10.9,546|546|780|546|858|780,1.0
97.75,147.34,114.81,114.49,141.4,130.0,0.002,83,10.9,546|546|780|546|858|780,1.0
97.83,147.25,115.0,114.44,141.0,130.4,0.002,83,10.9,546|546|780|546|858|780,1.0
97.91,147.16,114.74,114.17,140.9,130.0,0.002,82,10.9,780|546|858|780,1.0
97.98,147.84,115.31,114.81,141.4,129.6,0.001,82,10.9,780|546|858|780,1.0
98.05,147.78,115.46,114.06,141.0,130.1,0.002,82,10.9,780|546|858|780,1.0
98.12,146.99,114.98,114.36,141.1,131.1,0.002,82,10.9,780|546|858|780,1.0
98.2,147.1,115.41,114.58,141.0,130.5,0.002,82,10.9,780|546|858|780,1.0
98.28,147.46,115.48,114.87,141.4,129.9,0.002,82,10.9,780|546|858|780,1.0
98.36,147.65,115.45,114.68,142.1,129.6,0.002,82,10.9,780|546|858|780,1.0
98.42,147.86,115.54,115.23,141.4,130.3,0.001,75,10.9,468|858|780|624,1.0
98.5,147.46,114.83,114.36,141.3,130.1,0.002,75,10.9,468|858|780|624,1.0
98.58,147.87,115.14,114.54,140.8,130.2,0.002,75,10.9,468|858|780|624,1.0
98.66,147.56,114.91,114.59,141.2,129.9,0.001,75,10.9,468|858|780|624,1.0
98.73,147.71,115.38,114.39,141.2,130.4,0.001,75,10.9,468|858|780|624,1.0
98.8,148.05,116.04,115.02,140.5,130.9,0.001,75,10.9,468|858|780|624,1.0
98.91,147.87,115.48,114.57,141.1,129.5,0.001,75,10.9,468|858|780|624,1.0
98.97,147.94,115.58,114.77,140.7,129.9,0.001,75,10.9,468|780|624|546|546,1.0
99.05,147.7,115.82,114.61,139.9,130.6,0.001,75,10.9,468|780|624|546|546,1.0
99.12,148.19,115.53,115.16,140.1,130.4,0.001,75,10.9,468|780|624|546|546,1.0
99.2,147.75,115.58,114.19,140.2,130.0,0.001,75,10.9,468|780|624|546|546,1.0
99.28,148.05,115.55,115.1,139.9,130.7,0.001,75,10.9,468|780|624|546|546,1.0
99.36,148.27,115.62,115.43,140.8,129.9,0.001,75,10.9,468|780|624|546|546,1.0
99.42,148.2,115.7,115.0,140.6,130.4,0.001,75,10.9,468|780|624|546|546,1.0
99.5,148.15,115.62,114.56,140.7,130.4,0.001,75,8.2,780|858|858,1.0
99.58,148.04,115.86,114.94,140.9,129.9,0.001,75,8.2,780|858|858,1.0
99.66,148.32,115.86,114.97,141.1,129.3,0.002,75,8.2,780|858|858,1.0
99.73,148.27,115.91,115.05,140.3,130.4,0.001,75,8.2,780|858|858,1.0
99.81,147.86,115.49,115.07,140.5,130.4,0.001,75,8.2,780|858|858,1.0
99.89,148.18,115.96,115.05,140.5,130.4,0.001,75,8.2,780|858|858,1.0
99.95,148.3,115.17,114.55,140.1,130.2,0.001,75,8.2,780|858|858,1.0
100.03,147.98,115.64,114.86,140.5,129.5,0.001,75,8.2,780|858|858,1.0
100.11,148.09,115.82,114.26,141.0,129.9,0.001,75,8.2,780|858|858,1.0
100.19,147.32,115.2,114.16,141.1,129.9,0.001,75,8.2,780|858|858,1.0
100.27,148.06,116.13,114.91,141.0,129.7,0.001,75,8.2,780|858|858,1.0
100.34,147.6,115.75,114.33,140.5,130.1,0.0,75,8.2,780|858|858,1.0
100.41,148.43,116.23,114.67,140.6,129.8,0.001,75,8.2,780|858|858,1.0
100.48,148.03,115.88,114.66,140.9,129.6,0.0,75,8.2,780|858|858,1.0
100.56,148.26,116.29,114.33,141.1,129.8,0.0,75,8.2,858|858|936|702,1.0
100.64,148.0,116.04,114.92,140.6,129.9,0.001,75,8.2,858|858|936|702,1.0
100.72,147.66,115.64,114.05,140.7,130.2,0.001,75,8.2,858|858|936|702,1.0
100.78,148.2,116.3,114.79,140.9,130.4,0.001,75,8.2,858|858|936|702,1.0
100.89,147.95,115.73,114.65,141.5,129.5,0.0,75,8.2,858|858|936|702,1.0
100.97,148.2,115.77,114.92,140.6,129.8,0.0,75,8.2,858|858|936|702,1.0
101.05,148.22,116.43,114.21,140.5,130.0,0.001,75,8.2,858|858|936|702,1.0
101.12,148.92,116.4,115.28,140.9,130.1,0.001,75,8.2,858|858|936|702,1.0
101.19,147.77,116.08,114.12,141.1,129.6,0.001,75,8.2,858|858|936|702,1.0
101.27,148.59,116.54,115.12,141.2,130.4,0.002,75,8.2,858|858|936|702,1.0
101.34,148.59,116.76,114.87,140.5,130.5,0.001,75,8.2,858|858|936|702,1.0
101.42,148.8,116.86,115.34,140.8,130.1,0.002,75,8.2,858|858|936|702,1.0
101.48,148.1,115.72,114.42,140.4,129.9,0.002,75,8.2,858|858|936|702,1.0
101.56,148.87,116.82,115.38,141.0,129.6,0.002,75,8.2,858|858|936|702,1.0
101.64,147.95,115.71,114.77,141.0,129.5,0.002,75,8.2,546|936|780|780,1.0
101.72,148.35,116.28,115.44,140.4,130.7,0.001,75,8.2,546|936|780|780,1.0
101.8,148.3,116.03,114.7,141.0,129.6,0.002,75,8.2,546|936|780|780,1.0
101.91,148.16,115.93,114.64,141.2,130.2,0.001,75,8.2,546|936|780|780,1.0
101.98,148.71,116.28,115.03,141.3,130.0,0.001,75,8.2,546|936|780|780,1.0
102.06,148.35,116.47,114.59,140.6,130.2,0.001,75,8.2,546|936|780|780,1.0
102.14,148.34,116.68,114.63,140.7,130.2,0.0,75,8.2,936|702|780|624,1.0
102.2,148.43,116.48,114.49,140.7,130.1,0.001,75,8.2,936|702|780|624,1.0
102.28,148.45,116.52,114.73,140.7,129.3,0.001,75,8.2,936|702|780|624,1.0
102.36,148.95,116.42,115.01,140.7,129.9,0.001,75,8.2,936|702|780|624,1.0
102.44,148.22,116.42,114.73,139.9,131.2,0.001,75,8.2,936|702|780|624,1.0
102.52,148.65,116.46,115.2,140.9,129.3,0.001,75,8.2,936|702|780|624,1.0
102.58,148.63,116.57,114.99,141.0,129.7,0.001,75,8.2,936|702|780|624,1.0
102.66,148.21,116.46,114.78,141.0,129.7,0.001,75,8.2,936|702|858|546,1.0
102.73,148.65,116.7,114.99,140.3,130.4,0.001,75,8.2,936|702|858|546,1.0
102.81,148.64,116.78,114.92,140.7,130.2,0.001,75,8.2,936|702|858|546,1.0
102.89,148.39,116.39,115.23,140.7,130.3,0.002,75,8.2,936|702|858|546,1.0
102.97,148.6,116.61,114.98,140.5,130.0,0.001,75,8.2,936|702|858|546,1.0
103.05,148.51,116.44,115.33,141.1,130.0,0.002,75,8.2,936|702|858|546,1.0
103.11,148.34,116.36,114.85,140.5,130.0,0.001,75,8.2,936|702|858|546,1.0
103.19,148.41,116.47,114.97,140.4,130.1,0.001,75,8.2,780|780|546|1014,1.0
103.27,148.23,115.92,114.54,140.2,130.4,0.002,75,8.2,780|780|546|1014,1.0
103.34,148.41,116.34,114.51,140.2,130.3,0.001,75,8.2,780|780|546|1014,1.0
103.42,148.86,116.84,115.14,140.5,129.7,0.0,75,8.2,780|780|546|1014,1.0
103.48,148.09,116.59,114.5,140.7,130.3,0.0,75,8.2,780|780|546|1014,1.0
103.56,148.76,116.9,115.15,140.9,129.8,0.001,75,8.2,780|780|546|1014,1.0
103.64,148.76,116.32,115.43,141.0,130.1,0.001,75,8.2,780|780|546|1014,1.0
103.72,148.37,116.65,114.97,140.9,130.2,0.001,75,24.5,780|624|936,1.0
103.8,148.52,116.51,114.7,140.9,129.9,0.001,75,24.5,780|624|936,1.0
103.86,148.35,116.6,114.15,140.9,130.0,0.001,75,24.5,780|624|936,1.0
103.94,148.58,116.74,114.7,141.0,130.1,0.001,75,24.5,780|624|936,1.0
104.02,148.21,116.39,114.68,140.8,130.3,0.001,75,24.5,780|624|936,1.0
104.09,148.13,116.86,114.9,141.3,129.5,0.001,75,24.5,780|624|936,1.0
104.17,148.2,116.44,114.56,141.1,129.6,0.002,75,24.5,780|624|936,1.0
104.25,148.41,116.56,114.45,141.7,129.1,0.001,75,24.5,780|624|936|780,1.0
104.33,148.61,116.78,115.31,140.1,130.8,0.001,75,24.5,780|624|936|780,1.0
104.39,148.25,116.64,114.62,140.9,129.5,0.001,75,24.5,780|624|936|780,1.0
104.47,148.36,116.72,114.77,141.7,129.2,0.001,75,24.5,780|624|936|780,1.0
104.55,147.95,116.51,114.53,140.7,130.8,0.001,75,24.5,780|624|936|780,1.0
104.62,148.24,115.97,115.16,140.8,130.0,0.0,75,24.5,780|624|936|780,1.0
104.7,147.52,116.21,114.54,141.1,130.3,0.001,75,24.5,780|624|936|780,1.0
104.77,147.94,115.84,114.43,140.8,130.0,0.001,75,27.2,702|624|936|858,1.0
104.84,147.92,115.95,114.06,141.3,130.5,0.024,75,27.2,702|624|936|858,1.0
104.92,147.75,116.1,114.94,140.9,130.4,0.026,75,27.2,702|624|936|858,1.0
105.0,147.9,116.16,114.83,141.2,129.6,0.019,75,27.2,702|624|936|858,1.0
105.08,148.37,116.5,115.02,140.4,129.6,0.002,75,27.2,702|624|936|858,1.0
105.16,147.59,115.73,114.2,139.7,131.1,0.012,75,27.2,702|624|936|858,1.0
105.22,146.54,115.09,113.31,140.5,130.8,0.003,75,27.2,702|624|936|858,1.0
105.3,147.47,115.79,113.99,140.7,129.9,0.024,75,24.5,546|936|858|780,1.0
105.38,147.07,114.99,113.54,140.4,130.2,0.007,75,24.5,546|936|858|780,1.0
105.45,147.39,115.89,114.23,139.4,130.8,0.012,75,24.5,546|936|858|780,1.0
105.53,146.83,114.94,113.78,139.4,130.7,0.013,75,24.5,546|936|858|780,1.0
105.61,147.2,115.41,113.87,139.4,130.3,0.024,75,24.5,546|936|858|780,1.0
105.67,147.35,115.55,114.06,139.1,130.5,0.003,75,24.5,546|936|858|780,1.0
105.75,147.74,116.16,114.02,139.0,130.1,0.006,75,24.5,546|936|858|780,1.0
105.83,147.42,115.4,114.51,139.4,129.9,0.007,75,27.2,1014|780|780|1170,1.0
105.91,146.85,114.9,113.77,139.7,129.8,0.005,75,27.2,1014|780|780|1170,1.0
105.98,147.07,115.7,114.03,138.7,130.9,0.003,75,27.2,1014|780|780|1170,1.0
106.05,147.2,115.51,114.05,139.4,129.8,0.002,75,27.2,1014|780|780|1170,1.0
106.12,147.04,115.55,113.25,138.9,131.1,0.003,75,27.2,1014|780|780|1170,1.0
106.2,146.88,115.03,113.35,139.7,129.9,0.003,75,27.2,1014|780|780|1170,1.0
106.28,146.62,115.06,113.55,139.5,130.0,0.002,75,27.2,1014|780|780|1170,1.0
106.36,147.83,116.18,113.89,139.3,130.5,0.001,82,27.2,780|780|546|624,1.0
106.44,147.53,115.66,113.68,139.9,129.4,0.001,82,27.2,780|780|546|624,1.0
106.52,147.14,115.64,113.92,139.6,130.2,0.0,82,27.2,780|780|546|624,1.0
106.59,147.6,116.03,114.29,139.0,130.6,0.0,82,27.2,780|780|546|624,1.0
106.66,147.27,115.23,114.19,139.0,130.7,0.001,82,27.2,780|780|546|624,1.0
106.73,147.67,115.98,113.98,138.6,131.3,0.001,82,27.2,780|780|546|624,1.0
106.81,146.59,115.12,113.35,139.4,130.7,0.001,82,27.2,780|780|546|624,1.0
106.89,147.89,116.83,115.12,139.6,130.7,0.002,90,24.5,780|780|546|624|624,1.0
106.97,146.41,114.39,112.86,139.7,130.0,0.002,90,24.5,780|780|546|624|624,1.0
107.05,146.99,115.74,113.63,140.0,129.6,0.001,90,24.5,780|780|546|624|624,1.0
107.11,147.02,115.71,113.9,138.9,130.6,0.001,90,24.5,780|780|546|624|624,1.0
107.19,147.37,115.4,114.0,139.7,129.9,0.001,90,24.5,780|780|546|624|624,1.0
107.27,147.47,116.03,113.87,139.5,130.3,0.002,90,24.5,780|780|546|624|624,1.0
107.34,147.02,115.14,113.77,139.5,129.8,0.001,90,24.5,780|780|546|624|624,1.0
107.42,147.15,115.39,114.27,139.9,129.6,0.002,97,24.5,,1.0
107.5,147.45,115.98,114.33,139.3,130.7,0.001,97,24.5,,1.0
107.58,147.43,115.49,114.41,140.0,129.6,0.001,97,24.5,,1.0
107.66,147.05,115.44,113.89,139.9,129.4,0.002,97,24.5,,1.0
107.72,147.73,115.65,114.33,140.3,130.0,0.002,97,24.5,,1.0
107.8,148.2,115.8,114.91,141.0,130.7,0.003,97,24.5,,1.0
107.88,148.32,116.06,114.49,140.8,130.6,0.002,97,24.5,,1.0
107.95,148.09,115.9,115.03,141.0,130.0,0.002,179,24.5,,1.0
108.03,148.14,116.1,114.92,141.3,129.3,0.002,179,24.5,,1.0
108.09,148.15,116.19,114.51,141.4,129.6,0.002,179,24.5,,1.0
108.17,148.24,116.44,114.58,141.4,130.3,0.001,179,24.5,,1.0
108.25,148.14,116.27,114.13,141.6,130.0,0.001,179,24.5,,1.0
108.33,148.2,116.25,114.49,142.1,128.9,0.002,179,24.5,,1.0
108.41,148.48,116.69,114.86,141.4,130.1,0.002,179,24.5,,1.0
108.48,148.11,116.23,114.52,141.0,130.4,0.001,187,24.5,,1.0
108.56,148.18,116.43,115.03,140.6,130.5,0.001,187,24.5,,1.0
108.64,148.81,116.32,115.18,140.6,130.1,0.002,187,24.5,,1.0
108.7,148.24,116.74,114.68,140.3,130.4,0.001,187,24.5,,1.0
108.78,147.65,115.45,114.39,140.8,129.8,0.001,187,24.5,,1.0
108.86,148.5,116.52,114.37,140.4,130.3,0.001,187,24.5,,1.0
108.94,148.53,116.51,114.55,139.9,130.3,0.002,187,24.5,,1.0
109.0,148.12,116.53,114.69,140.5,129.8,0.001,181,27.2,936|1248|780,1.0
109.08,148.33,116.42,114.12,140.9,129.0,0.001,181,27.2,936|1248|780,1.0
109.16,148.02,116.58,114.41,140.3,130.5,0.0,181,27.2,936|1248|780,1.0
109.27,148.29,116.76,114.5,140.6,130.0,0.0,181,27.2,936|1248|780,1.0
109.34,148.08,116.36,114.57,140.5,130.8,0.001,181,27.2,936|1248|780,1.0
109.42,148.11,116.26,114.29,140.3,130.2,0.001,181,27.2,936|1248|780,1.0
109.5,147.38,116.04,113.93,140.7,130.2,0.001,158,24.5,936|1248|780,1.0
109.56,148.53,116.6,115.27,140.1,130.8,0.001,158,24.5,936|1248|780,1.0
109.64,147.9,115.84,114.21,140.1,130.8,0.001,158,24.5,936|1248|780,1.0
109.72,147.99,116.5,114.48,140.6,130.4,0.003,158,24.5,936|1248|780,1.0
109.8,147.96,116.75,114.27,140.8,130.0,0.002,158,24.5,936|1248|780,1.0
109.88,148.49,117.3,114.78,141.1,129.2,0.001,158,24.5,936|1248|780,1.0
109.94,148.23,116.88,114.65,140.9,130.2,0.002,158,24.5,936|1248|780,1.0
110.02,148.22,116.94,114.66,139.7,130.8,0.001,151,24.5,,1.0
110.09,148.05,116.93,114.38,140.2,130.6,0.001,151,24.5,,1.0
110.17,147.91,116.82,114.73,139.7,130.3,0.002,151,24.5,,1.0
110.25,148.01,116.62,114.34,140.3,130.2,0.001,151,24.5,,1.0
110.33,148.74,117.49,114.98,140.2,129.7,0.001,151,24.5,,1.0
110.41,147.99,116.55,114.61,140.8,129.7,0.001,151,24.5,,1.0
110.48,147.92,116.6,114.08,140.5,130.5,0.001,151,24.5,,1.0
110.55,147.47,116.14,113.9,140.9,130.0,0.002,60,24.5,780|780|546|702,1.0
110.62,147.7,116.95,114.25,139.8,130.7,0.002,60,24.5,780|780|546|702,1.0
110.7,147.89,116.74,113.98,141.1,130.0,0.002,60,24.5,780|780|546|702,1.0
110.78,148.54,117.4,115.61,141.4,129.7,0.002,60,24.5,780|780|546|702,1.0
110.86,147.92,116.02,114.97,141.3,129.9,0.002,60,24.5,780|780|546|702,1.0
110.92,148.17,116.83,114.32,141.0,130.4,0.002,60,24.5,780|780|546|702,1.0
111.0,147.64,116.28,113.49,140.9,130.3,0.001,60,24.5,780|780|546|702,1.0
111.08,147.84,116.67,114.64,141.1,130.2,0.002,60,24.5,702|780|546|702,1.0
111.16,147.67,116.19,114.29,140.6,130.0,0.002,60,24.5,702|780|546|702,1.0
111.23,147.4,116.29,114.44,140.9,130.7,0.001,60,24.5,702|780|546|702,1.0
111.31,147.9,116.73,114.32,140.4,130.5,0.002,60,24.5,702|780|546|702,1.0
111.39,147.13,116.13,113.74,141.2,130.3,0.002,60,24.5,702|780|546|702,1.0
111.47,147.8,116.76,114.43,140.7,130.4,0.002,60,24.5,702|780|546|702,1.0
111.53,147.26,116.46,114.53,140.6,130.7,0.001,60,24.5,702|780|546|702,1.0
111.61,147.41,115.81,113.97,140.5,131.1,0.002,60,29.9,780|624|1014,1.0
111.69,147.42,116.12,114.31,141.5,129.6,0.001,60,29.9,780|624|1014,1.0
111.77,147.6,116.05,114.64,141.1,130.3,0.002,60,29.9,780|624|1014,1.0
111.84,147.7,116.63,114.45,140.7,130.2,0.001,60,29.9,780|624|1014,1.0
111.92,147.85,116.34,114.71,141.0,130.0,0.001,60,29.9,780|624|1014,1.0
112.0,147.94,116.55,114.32,141.4,130.2,0.001,60,29.9,780|624|1014,1.0
112.06,147.94,116.34,114.31,141.2,130.6,0.002,60,29.9,780|624|1014,1.0
112.14,147.94,116.45,114.37,140.7,130.6,0.002,67,29.9,,1.0
112.22,148.15,116.97,114.13,140.9,129.9,0.002,67,29.9,,1.0
112.3,147.96,116.84,114.49,141.2,130.3,0.002,67,29.9,,1.0
112.38,148.16,116.24,114.47,141.0,130.5,0.001,67,29.9,,1.0
112.45,148.15,116.51,114.46,140.2,130.6,0.001,67,29.9,,1.0
112.52,147.9,116.6,114.85,141.2,129.6,0.001,67,29.9,,1.0
112.59,147.69,116.02,114.49,140.2,130.3,0.002,67,29.9,,1.0
112.67,148.17,116.58,114.98,141.1,130.4,0.001,75,21.8,1326|780|858|1248,1.0
112.75,147.46,115.5,114.61,141.7,129.6,0.002,75,21.8,1326|780|858|1248,1.0
112.83,147.34,115.51,113.85,141.6,130.1,0.001,75,21.8,1326|780|858|1248,1.0
112.89,148.02,116.03,114.54,140.8,130.1,0.001,75,21.8,1326|780|858|1248,1.0
112.97,148.11,116.87,114.54,140.6,130.3,0.002,75,21.8,1326|780|858|1248,1.0
113.05,148.23,116.75,114.73,141.1,129.7,0.001,75,21.8,1326|780|858|1248,1.0
113.12,147.94,116.4,114.67,141.3,129.5,0.001,75,21.8,1326|780|858|1248,1.0
113.2,147.61,116.24,114.21,140.6,130.1,0.002,75,29.9,,1.0
113.28,147.72,116.43,114.45,141.7,129.3,0.002,75,29.9,,1.0
113.36,147.52,116.34,113.56,141.0,130.0,0.001,75,29.9,,1.0
113.42,147.88,116.56,114.48,141.4,129.8,0.002,75,29.9,,1.0
113.5,147.65,116.88,114.24,140.9,129.7,0.002,75,29.9,,1.0
113.58,147.53,116.38,113.81,140.8,130.1,0.002,75,29.9,,1.0
113.69,147.52,116.82,114.37,141.2,130.0,0.002,75,29.9,,1.0
113.75,147.54,116.3,114.05,141.2,129.8,0.002,75,21.8,,1.0
113.83,147.5,115.96,114.55,140.4,129.9,0.002,75,21.8,,1.0
113.91,147.19,116.58,113.79,141.5,130.0,0.002,75,21.8,,1.0
113.98,147.97,116.72,114.72,141.0,130.4,0.002,75,21.8,,1.0
114.05,147.13,116.11,113.94,141.0,130.5,0.002,75,21.8,,1.0
114.12,148.17,116.74,114.62,141.1,129.8,0.002,75,21.8,,1.0
114.2,147.06,115.88,114.03,141.1,129.9,0.001,75,21.8,,1.0
114.28,147.43,116.63,114.4,141.0,130.2,0.002,82,21.8,624|546|390|468,1.0
114.36,147.46,116.43,113.81,141.6,130.5,0.001,82,21.8,624|546|390|468,1.0
114.44,148.04,117.18,115.06,141.3,130.3,0.002,82,21.8,624|546|390|468,1.0
114.5,147.69,117.14,114.09,140.8,130.4,0.002,82,21.8,624|546|390|468,1.0
114.58,147.91,116.79,114.74,141.0,130.2,0.001,82,21.8,624|546|390|468,1.0
114.66,147.61,116.33,114.01,140.6,130.1,0.002,82,21.8,624|546|390|468,1.0
114.73,148.02,117.08,114.47,141.3,130.0,0.001,82,21.8,624|546|390|468,1.0
114.81,147.39,116.66,114.02,141.0,130.2,0.001,75,21.8,,1.0
114.89,147.67,116.66,114.73,141.5,130.3,0.001,75,21.8,,1.0
114.95,148.43,117.17,114.84,141.6,129.8,0.001,75,21.8,,1.0
115.03,148.57,117.04,114.93,141.5,129.7,0.001,75,21.8,,1.0
115.11,148.04,116.83,114.12,141.3,130.1,0.001,75,21.8,,1.0
115.19,147.85,116.95,114.02,141.0,130.3,0.001,75,21.8,,1.0
115.27,147.8,116.6,114.34,141.1,130.3,0.002,75,21.8,,1.0
115.34,147.5,116.29,113.45,140.7,130.6,0.001,75,29.9,858|858|1014,1.0
115.42,147.27,115.9,114.24,141.2,130.2,0.002,75,29.9,858|858|1014,1.0
115.48,147.62,116.48,113.96,141.0,130.3,0.001,75,29.9,858|858|1014,1.0
115.56,147.82,116.43,114.48,140.4,130.4,0.001,75,29.9,858|858|1014,1.0
115.64,148.49,116.44,115.05,140.3,130.7,0.001,75,29.9,858|858|1014,1.0
115.72,148.28,117.23,115.28,141.1,129.7,0.002,75,29.9,858|858|1014,1.0
115.8,148.38,117.34,115.03,141.1,130.2,0.002,75,29.9,858|858|1014,1.0
115.88,148.71,117.98,116.05,140.4,130.5,0.001,75,29.9,546|858|1092,1.0
115.94,149.01,118.1,116.22,141.1,129.7,0.001,75,29.9,546|858|1092,1.0
116.02,149.11,117.92,115.89,141.2,130.0,0.001,75,29.9,546|858|1092,1.0
116.09,149.39,118.28,116.25,141.1,129.9,0.002,75,29.9,546|858|1092,1.0
116.17,148.08,116.91,115.61,140.6,130.3,0.002,75,29.9,546|858|1092,1.0
116.25,147.4,116.72,115.39,139.4,131.2,0.001,75,29.9,546|858|1092,1.0
116.31,146.78,116.13,115.07,139.8,130.7,0.002,75,29.9,546|858|1092,1.0
116.39,146.05,115.45,114.42,139.9,131.2,0.001,60,21.8,858|702|1014,1.0
116.47,146.1,114.95,114.69,139.4,131.3,0.001,60,21.8,858|702|1014,1.0
116.55,145.41,114.75,113.47,139.4,131.6,0.001,60,21.8,858|702|1014,1.0
116.62,144.91,114.54,113.39,139.0,131.8,0.0,60,21.8,858|702|1014,1.0
116.7,143.66,113.2,112.58,139.5,132.3,0.001,60,21.8,858|702|1014,1.0
116.78,143.72,113.2,112.37,139.3,131.5,0.001,60,21.8,858|702|1014,1.0
116.84,144.25,114.17,113.21,139.4,131.5,0.0,60,21.8,858|702|1014,1.0
116.92,143.26,113.11,112.55,139.1,131.5,0.001,52,21.8,,1.0
117.0,143.64,113.15,112.86,139.2,131.6,0.001,52,21.8,,1.0
117.08,144.53,113.9,113.22,139.1,131.6,0.001,52,21.8,,1.0
117.16,144.29,112.91,113.13,139.5,130.8,0.0,52,21.8,,1.0
117.23,145.89,114.85,114.05,139.1,131.1,0.001,52,21.8,,1.0
117.3,145.55,114.29,114.32,139.1,131.0,0.0,52,21.8,,1.0
117.38,146.48,115.37,114.82,139.4,131.0,0.0,52,21.8,,1.0
117.45,146.43,115.25,114.93,139.2,130.8,0.0,53,27.2,,1.0
117.53,146.52,114.85,114.23,139.6,130.4,0.0,53,27.2,,1.0
117.61,146.75,115.46,114.31,139.8,131.0,0.0,53,27.2,,1.0
117.69,146.86,115.25,114.66,139.9,130.9,0.0,53,27.2,,1.0
117.77,147.65,115.75,115.27,139.5,130.7,0.001,53,27.2,,1.0
117.84,147.44,115.66,114.91,139.7,130.5,0.0,53,27.2,,1.0
117.92,147.3,115.94,114.79,139.6,130.7,0.0,53,27.2,,1.0
118.0,147.61,116.09,114.98,140.5,130.0,0.001,82,24.5,936|468|624|702,1.0
118.08,148.14,116.74,115.5,140.0,130.3,0.0,82,24.5,936|468|624|702,1.0
118.16,147.49,115.98,114.53,140.4,130.2,0.001,82,24.5,936|468|624|702,1.0
118.22,148.15,116.19,115.04,139.9,130.9,0.001,82,24.5,936|468|624|702,1.0
118.3,147.63,115.68,115.18,140.1,130.5,0.001,82,24.5,936|468|624|702,1.0
118.38,147.28,115.3,114.79,140.7,130.3,0.001,82,24.5,936|468|624|702,1.0
118.45,147.63,115.58,115.17,140.4,129.9,0.001,82,24.5,936|468|624|702,1.0
118.53,146.79,115.02,114.03,140.1,130.9,0.002,82,24.5,936|858|624|858,1.0
118.59,147.63,115.69,114.99,140.2,130.5,0.0,82,24.5,936|858|624|858,1.0
118.67,147.9,116.03,114.89,139.6,131.2,0.001,82,24.5,936|858|624|858,1.0
118.75,147.11,115.42,114.82,139.3,130.7,0.0,82,24.5,936|858|624|858,1.0
118.83,147.78,115.89,114.8,140.0,130.0,0.0,82,24.5,936|858|624|858,1.0
118.91,147.23,115.15,114.61,139.5,130.7,0.0,82,24.5,936|858|624|858,1.0
118.97,147.48,114.82,114.99,140.1,130.0,0.0,82,24.5,936|858|624|858,1.0
119.05,148.13,116.04,115.1,139.2,131.0,0.001,75,24.5,858|624|858,1.0
119.12,147.95,115.27,114.87,139.2,130.7,0.0,75,24.5,858|624|858,1.0
119.2,147.95,115.57,114.85,139.9,130.2,0.001,75,24.5,858|624|858,1.0
119.28,147.36,115.24,114.36,140.4,130.6,0.001,75,24.5,858|624|858,1.0
119.36,147.81,115.55,114.66,140.7,129.7,0.0,75,24.5,858|624|858,1.0
119.44,147.59,115.82,115.22,139.7,130.4,0.001,75,24.5,858|624|858,1.0
119.5,147.61,115.5,114.74,140.5,130.1,0.0,75,24.5,858|624|858,1.0
119.58,147.82,115.78,114.54,140.5,130.0,0.001,75,24.5,858|702|780|780,1.0
119.66,147.59,115.41,114.59,140.7,129.6,0.0,75,24.5,858|702|780|780,1.0
119.73,147.88,115.98,114.82,140.5,129.3,0.0,75,24.5,858|702|780|780,1.0
119.81,148.29,116.01,114.58,140.3,130.5,0.0,75,24.5,858|702|780|780,1.0
119.91,148.27,115.27,114.85,140.1,130.1,0.0,75,24.5,858|702|780|780,1.0
119.98,148.12,115.73,114.9,140.3,129.8,0.0,75,24.5,858|702|780|780,1.0
